Cód PDV;Telefone(s)
4;8499962-4069
5;832525-2525
7;848484-8484
9;863133-5630
10;8499922-4944
11;8499838-7957
12;8499816-5544
19;843421-2576|8499922-3636
20;843417-2113
29;8499999-9066
40;843429-2526
50;8499817-7431|8499612-2438
57;8499624-8454
68;8499905-2815
69;8499815-8774
80;889403-0453
83;8499632-5874
86;8499909-8828|849924-4491
100;8499874-5621
101;8499990-6493
107;8499819-6815
108;8498875-6233
109;843421-4003|848809-1524
111;8499195-9889|843421-2381|8499976-0027
114;843421-5756
122;8499856-2247
129;8499910-8923|8499125-4883
132;8499960-6958|8499675-1413
133;843212-2525
136;8499653-8559
143;8498857-6214
152;843421-1677|8499668-7452
153;8499862-1458
155;8499840-2360
160;8499926-8215
163;8499934-2454
175;8499942-4838
189;8499616-8268
195;8498821-6458
203;8499920-3428
211;8499920-5865|8498989-8989
213;844476-0081
223;8498723-0294|849977-3493
227;8498743-2151
231;8498728-0179|843475-0179
238;8498864-4445
252;8498754-2246
253;843473-2294
260;8498745-9325
278;8499160-7882
284;8499856-3321
291;843478-2320|8498866-3279
293;843479-2541
300;8499811-0051
315;8498624-6109
318;8498722-8096
347;848712-4620|843479-2029
350;8498715-9890|848843-5516
358;8498889-1005|843479-2356
371;843417-1570
372;849657-9350
392;8499663-7729
393;8499865-2431
415;8499924-7492
418;8499910-1287
432;8499877-4521
433;8499949-3151|848895-2357|8499438-5263
437;8499913-0281
438;8499980-1958|843417-1386
455;844471-2592
459;8498863-3240|8499657-8080
460;8499674-4111
465;8499819-0288|8493300-4097
472;849954-5934
475;8498765-3214
476;
477;8499974-4874
478;8499635-2487
487;8499963-4733
502;8499623-2653
508;843431-2185|8499916-1691
510;8499666-7099
511;8499642-7000
512;843423-2316
519;8499607-3427
527;8499856-2248
532;8499976-5913
535;8499611-3847
536;8499610-8680
540;8499644-7574
541;8498755-4278
544;8499615-2482
545;8499936-9542
548;8499643-8650
553;8499451-6251|8499903-4048
561;8499951-9926
576;8498754-8721
581;8499875-6641
589;8499128-7226
600;843431-1122
608;843431-1943|8499990-8181
617;843421-5746|8499125-4587
623;8499924-9369|843471-2974
624;849917-2794
634;8499973-1414
640;849962-6521
644;8498866-1862
646;8499982-6792|843421-6321
648;8499904-5806
666;8499765-4421
698;8499880-9476|8498838-3759
710;849970-2099
726;843417-1048
729;8499222-9696
742;8490000-0000|8499613-4721
743;8499913-6680
752;8499962-7849|8499963-8741
753;843421-4545
761;8499865-4421
774;8499930-8320|843417-4547
779;8499688-8345
780;8499827-2247|8499817-9320
782;8499611-6337
792;8499632-5410
800;843421-4631
813;8498722-9188
828;8499652-3147
835;8499851-0892
836;849929-4376
838;843421-5789
855;8499988-4511
875;844431-2145
881;843421-5000
883;843291-3124|8499921-3902
890;843473-2213
900;8499961-4296|8498708-1012
903;8499874-1255
906;8499608-9304
908;8499978-6511
909;8499901-0040|8499623-0082
932;8498854-2154
933;8499615-5254|848803-6772
943;8499932-0298|8499659-0290
959;843220-3001
969;844472-2826
970;849603-4335
986;843291-5039|8499911-4927
989;8499810-7240
1000;8499801-4031
1010;8499951-6078
1013;843421-3179
1026;8499900-9300|843421-1338
1029;8499654-1245
1035;8499683-8886
1045;844412-2184
1047;8498754-2266
1050;843429-2410|849900-9478
1063;843429-2369
1065;843472-2387
1068;8499854-7721
1077;8499641-5924
1082;8499654-8872
1084;8499618-5439
1108;
1114;8499688-4578
1116;843472-2432
1136;8499924-0809
1137;8499816-6428|8499896-9525
1145;8498816-1218|843251-2525
1154;8499912-7649
1157;8499657-6523
1193;8499865-7841
1216;8499874-2213
1233;8498715-0261
1234;8498861-6992|843475-0014
1236;8499600-3365
1253;8499865-2487
1271;8499818-6871
1272;8499674-5000|8499929-3735
1286;8498812-6517
1312;8499788-5426
1343;849998-9810
1359;8499658-2217
1388;8499167-3022
1393;8499983-0802
1398;849632-2485
1408;8499865-3369
1410;8499978-6842
1436;849962-5183
1439;8499608-7082
1448;844417-1085
1450;8499638-5012|843421-4297
1466;8499927-6818
1475;8498770-1108
1498;8499854-2245
1509;8499924-6578
1516;8499802-4707
1545;849926-6507|843291-3746
1553;8499854-2136
1576;848833-6037
1597;8499947-9456|8499907-8752
1598;843472-2255|843471-3091
1616;849820-8889|849905-6175
1619;811523-1033
1620;8499607-3424
1624;8499911-8186
1650;8499854-2789
1685;8498703-5993
1690;833215-3123
1700;849637-1702|843417-2478
1711;849957-9022
1724;843417-2208|8499966-2244
1788;848725-0750
1814;843291-2418
1951;8499874-5548
2009;843421-5003
2034;843473-2343|8498863-6139
2049;8499856-3214
2063;8498714-2536
2073;8499636-2187|843431-2671
2105;8499857-6322
2107;8499999-0303
2114;8499621-7241
2131;8499961-9662
2132;849989-0935|849996-1123
2134;843424-0004
2137;8499612-9025
2138;843412-1029
2145;849898-9898
2150;8499604-9377|843426-2176
2151;8499602-5180
2167;843488-2374
2169;849653-2478
2186;8499604-3725
2212;8499978-7510
2240;
2247;843412-1569
2272;8498875-6421
2299;8499625-1966
2301;8499974-8017
2303;8499943-8450|849905-1208
2321;8499962-1758|843421-4494
2334;8499814-2364
2354;8499847-5647
2355;843429-2410|849957-8008
2372;849962-5032
2386;843479-2299
2396;8499977-4448
2398;8499915-3235
2422;8499928-0320
2434;8499692-5623|849652-5623
2436;8499854-2274
2449;8498834-7837|8498755-6322
2454;8498637-2666
2477;8499667-4835
2495;8499601-3769
2496;8499644-0075
2502;8499710-7514|8499976-4343
2506;849536-2474
2520;8499936-8515
2540;8499658-2626
2605;8499951-8273
2623;8498854-7841
2627;8499624-2705
2628;8498735-0389
2631;8499787-4522
2632;843436-0254|849618-5127
2655;843471-2891
2674;8499865-2791
2680;848887-6145
2681;8498989-8989
2685;8499865-4724
2704;8499963-4659|8499616-5435
2706;8499812-5547
2718;8499875-7928
2720;849965-5832|849160-1370
2738;8499971-9949
2740;843297-0113
2751;8499896-0606|843432-0053
2759;849696-2742
2761;8499801-4627|843426-2101|8499839-5822
2772;8499614-8056
2775;8499995-1420
2793;8499982-0145
2796;8499638-1259
2797;8499673-6714
2798;8499656-0686
2808;8498167-7131
2823;8499929-3978
2835;8499833-6501
2846;8499639-7981
2861;8499988-5146
2872;
2881;8499911-2666
2907;8499900-5330|843428-0171|8498856-4372
2910;8499809-0060
2931;8499609-8199
2945;8499820-3187
2959;
2961;084429-2077
2985;8498781-9389|8499610-5707
3018;843479-2213
3028;843476-0046|848721-4671
3031;8499635-0179|8499685-4554|8499706-8708
3033;849906-0136
3036;8499962-6479|8499144-5183
3040;8499953-8569
3078;8499962-1305|8499892-1059
3098;849917-3732
3108;843473-2546
3111;8499935-3914|8499917-0458
3127;8498164-8004
3143;843417-3378
3144;8499831-5366
3145;
3147;828282-8282
3160;8499611-4522
3163;
3185;
3192;8499618-5148|849917-1445
3196;8499848-1013
3199;8499980-2276|8499986-9931
3207;8499622-1592
3222;8499957-4484
3232;
3239;8499910-6987|8499900-6946
3252;8499608-8027|849962-7009
3279;849962-2126
3304;084412-4057
3305;
3316;084427-2288
3317;084412-1694
3359;8499834-5016
3362;848897-4166
3372;849999-9066|848855-1262
3374;849969-6087|849676-5445
3387;8499636-0022
3389;843478-2212
3394;
3396;8499843-0440|843417-5337
3398;8499603-8881
3404;084421-5082
3411;8499616-9557
3428;849903-2360
3430;8499642-7000|849940-7022
3432;8499621-9165
3453;849608-8269
3494;843435-2227|8499805-0376|8499997-5912
3497;849918-9725
3501;084425-2407
3504;084432-0327
3515;084475-0196
3516;8498761-7780
3536;843431-2433
3538;8499674-4140
3548;8499090-5252
3552;8499697-4177
3553;8499935-7676
3572;8498867-5263
3576;844291-4319
3582;
3593;8499623-5034
3595;8499898-8988
3597;848813-7252
3600;844417-3812
3608;843488-2298|8499621-5328
3612;8499854-2783
3620;119696-9696
3624;8499913-6680
3629;8498854-5352|843475-0114
3632;8499685-0406
3635;8498746-4757
3647;849939-8518|8499700-2965
3649;8499816-7646
3659;8499911-7570
3669;8499995-0911
3673;8499930-3142
3715;848866-2376
3721;8499674-1289
3727;8499685-4647|8499685-4646
3732;849969-1965
3734;8499992-9714
3741;8499685-2222
3753;8499957-8376
3756;
3760;843417-3372|8499634-1990
3762;843427-2289
3770;
3776;8499951-4076
3800;8499968-2243|8499601-8821
3803;8499962-7009
3806;8499989-4800
3807;8499685-4242|8499685-4242
3808;8499838-0007
3809;8499981-0910|8499808-1000
3816;8499623-9445|849623-9445
3819;8499839-2850|8499618-5509
3820;849671-3373|849671-3373
3824;849610-6060
3827;8499990-1696
3831;8499810-5171|8499810-5171
3839;8499676-7863|8499676-7863
3841;8499867-5050|849636-3536
3842;8499832-2325|8499832-2325
3843;843316-6045|843315-0110
3844;8498711-7362|8498711-7362
3845;8499852-5571
3847;8498806-2027
3848;8499694-1700
3853;849638-3299|849638-3299
3855;8499126-1716|8499852-1871
3856;8499652-0900
3858;8499632-0440|8499632-0440
3861;8499652-2183|8499871-1100
3863;8499919-1112
3865;8499970-6601|8499970-6601
3868;8499620-0465|8499620-0465
3877;8499611-5710|8499611-5710
3881;8499928-8586
3884;8498806-4455
3889;8499855-1311|849684-0702
3892;8499639-8739|8499639-8739
3896;8499614-0278
3901;849684-8395|849684-8395
3910;8499664-6565|8499664-6565
3911;8499987-3634|8499987-3634
3912;8498746-3464|8498746-3464
3915;8499671-2236
3917;849966-0245|849966-0245
3918;8499816-9612
3924;8499831-7110|8499831-7110
3925;8499929-9400|8499929-9400
3931;8499625-1946|8499625-1946
3932;849921-3360|849921-3360
3935;849677-1272
3936;8499688-4308
3939;8499643-5909|8499643-5909
3940;8498605-0466
3947;8498734-2590|8498734-2590
3952;8499609-4900|8499609-4900
3953;8499993-8528|8499817-7851
3955;8499853-8762|849602-0170
3958;849922-7873|849922-7873
3959;8499936-1491|8499936-1491
3960;8498104-0293|8498853-7051
3965;8499688-2700|8499688-2700
3978;8499928-2288
3979;8499935-6008|8499935-6008
3986;8498140-7028|8498140-7028
3993;8498845-3928
3994;8499133-6032|8499133-6032
3995;8499959-2767
3996;8499953-9806|8499953-9806
3997;8499924-9154|8499924-9154
3998;8499848-3293
3999;8499994-9446|8499617-0118
4001;849609-1519|849609-1519
4001;839900-5927
4004;8498806-0028|8498819-6585
4006;839343-0671
4007;8499996-1808
4007;839322-9302
4008;839168-1333
4009;839126-1087
4010;8499868-3865
4011;838735-3283
4013;8499804-3279|8499691-2209
4013;839612-7410
4014;833478-1025
4015;8499918-1873|8499918-1873
4016;8499954-6778
4016;838709-9039
4017;8499959-6847
4017;848140-6637
4018;8499957-5455|8499957-5455
4018;848606-6803
4019;839133-6675
4020;839696-8286
4021;8498713-5108
4022;8499983-1855
4022;838849-6778
4023;849919-3174
4024;838115-8318
4026;839129-3383
4027;8499976-7171|8498869-4453
4027;838128-3890
4028;838104-8505
4030;8499959-6118|8499959-6118
4030;839936-7339
4032;8499606-3450
4032;839630-6912
4033;8498811-5779
4034;839636-2129
4035;8499445-3132
4035;839917-2585
4036;839110-3310
4037;8499850-4012|8499851-9952
4038;838863-4804
4039;838638-4836
4040;849698-9647|8499625-6468
4040;833473-1028
4041;839904-9218
4042;8499659-5818
4042;839185-1651|839672-1915
4043;839908-1530
4044;839973-4344
4045;8499993-2959
4045;839605-7490
4046;839684-5038
4047;838600-7058
4048;843421-5000
4048;838885-4549
4049;009915-0685
4050;833463-2843|839615-6474
4051;849659-0854|849138-4922
4052;839604-5170
4053;839631-0533
4054;838114-4915
4055;839975-0506
4056;839974-2157
4057;839965-3256
4058;8499869-0900|8499869-0900
4058;839660-3888
4059;8499709-3669
4059;839697-8059|838813-8406
4060;843437-2316
4060;838726-1186|839660-9317
4061;8499950-1217|8499892-4801
4061;839965-3247
4062;838726-9814
4063;839665-9130
4064;839954-3687
4065;848111-3797
4066;838624-2383
4067;839807-5307
4068;8499136-3432
4068;839373-0379
4069;8499969-7944|8499868-0891
4069;849956-4593
4070;839150-6112
4071;839192-6003
4072;839162-4879
4073;839134-6257
4074;8498801-9558|8498866-7234
4074;839942-7844
4075;8499974-4447
4076;8499933-1772
4078;8498722-6522
4080;8499957-9566|8499957-9566
4081;8498835-6922
4086;8499635-2855|8499635-2855
4087;8399887-4181|8399887-4181
4088;8399941-5561|8399941-5561
4090;849926-0946|849926-0946
4092;849660-4664|849660-4664
4096;8499940-2842|8499977-1457
4097;8499482-7581|8499701-2133
4101;8499603-0197|8499603-0197
4102;8499605-1283|8499605-1283
4103;8499963-2277|8499963-2277
4105;8499607-4852|8499607-4852
4106;8499690-5571|8499683-1312
4107;8499497-8038|8499200-6797
4108;8499950-5128|849832-0185
4113;8499428-5180
4115;8499630-4350|8499630-4350
4119;8499609-1919|8499609-1919
4121;8499801-4879|8499925-1012
4126;8499662-7403|8499662-7403
4138;8499993-9310
4139;8499989-1750|8499989-1750
4141;849948-0691
4143;8499832-2483|8499832-2483
4145;849949-0250|849949-0250|849949-0250
4146;8499199-5127|8499199-5127
4147;8499868-9194|8499868-9194
4148;8499838-1920|8499838-1920
4156;8499617-1885|8499617-1885
4160;8499629-1317
4161;8499617-0532|8499617-0532
4167;8499666-1652
4171;8499937-4993|8499937-4993
4173;8499674-6032|8499674-6032
4174;8499678-5862|8499678-5862
4180;8499141-4614|8499141-4614
4183;8498634-2605|8498634-2605
4185;8499902-9422|8499902-9422
4186;8499985-2432
4190;8499118-6445|8499118-6445
4192;8499692-7139
4196;8499841-0024|8499841-0024
4199;8499934-7157|8499934-7157
4201;8499818-2920
4203;8499995-6499|8499995-6499
4204;8499696-8103|8499696-8103
4205;8499877-1616|8499877-1616
4207;8499688-7205|8499688-7205
4208;8499188-4314|8499188-4314
4209;8499655-3599|8499655-3599
4210;8499697-7877
4213;8499972-4535|8499972-4535
4218;8499678-2080|8499678-2080
4221;8499849-4702
4225;8499613-2652|849613-2652
4234;8499837-3138|849644-0853
4235;8499467-1574|8499467-1574
4237;8499666-1644|8499666-1644
4241;8499978-8055|8499978-8055
4244;8498747-4798|8498747-4798
4245;8499659-5314
4247;8498182-1047|8499820-7346
4250;8499814-6573
4252;8499967-1606|8499967-1606
4253;849618-8635|849618-8635
4254;8499666-0251|8499206-8308
4255;8498747-4798
4256;8498872-5273|8498872-5273
4258;8499634-5252|8499634-5252
4259;849985-0844
4261;8499800-9582
4262;8499654-6926
4264;8499621-6291|8499621-6291
4266;8499662-2344|8499662-2344
4267;8499960-3677
4268;8499662-0001|8499662-0001
4270;8499647-3842
4272;8499863-0003
4274;8499639-4053
4275;8499946-6167
4276;8498715-0648|8498750-5683
4277;8499857-5706|8499857-5706
4279;849829-1039|849829-1039
4281;8499602-1642
4283;8499681-0143|8499681-0143
4286;8499952-7775|8499952-7775
4288;8498860-0010|8498860-0010
4291;8499686-9221|8499686-9221
4294;8499685-3015|8499685-3015
4296;8499951-8915
4299;8499677-9150|8499677-9150
4306;8498842-2542
4307;8499915-7993
4308;8499939-4263|8499939-4263
4309;8498606-4805|8498606-4805
4311;5584997-0385|8499490-0227
4313;849904-2466
4314;8498894-4384
4317;8499815-1746|8499912-8458
4319;8499606-8050|8499606-8050
4323;8499812-3384
4324;8499821-0273|8499821-0273
4327;8498736-6974|8498736-6974
4335;8499640-2685|8499640-2685
4336;8498821-1006|8498821-1006
4337;849850-5287
4341;8499617-0523
4342;8499227-7669|849126-7166
4344;849130-9516
4345;8499987-0199
4346;8499905-3959|8499905-3959
4350;8499702-5015|8499702-5015
4354;8499812-2455
4355;8498819-6585|8498819-6585
4356;8499998-1914
4363;8499634-3741|8499649-9610
4365;8499991-1551|8499991-1551
4367;8499939-9731
4368;8499621-8282
4369;8499701-8668|8499701-8668
4370;8499655-3335|8499966-6139|8499125-7296
4371;8499677-4290
4373;8499691-8089|8499691-8089
4377;8499634-9595|8499634-9595
4380;8499624-6771|8499624-6771
4392;8499895-9699
4393;8498623-6615
4395;8499106-0047|8499106-0047
4399;8499858-6210|8499858-6210
4400;2198314-8849|2198314-8849
4405;8499882-9459
4406;8499956-8867
4407;8499682-3753|8499682-3753
4411;8499170-8815|8499170-8815
4414;8499666-3321|8499666-3321
4415;8498843-7730
4418;8499971-1329|8499971-1329
4421;8498754-2723
4425;8498865-9054|8498865-9054
4426;8499627-8310|8499627-8310
4427;8499853-5619|8499853-5619
4429;8498896-5022|8498896-5022
4430;8499959-9112|8499959-9112
4431;8499982-1340
4433;8499812-8852|8499707-0074
4435;8498891-6921|8498891-6921
4437;8499931-0010|8499931-0010
4438;8498610-6260|8498610-6260
4439;8498860-8034|8498860-8034
4441;8499110-3040|8499110-3040
4443;8499876-3794|8499876-3794
4448;8499608-0846|8499608-0846
4450;8499963-6071
4451;8499410-2291|8499654-2442
4453;8499864-2998|8499864-2998
4454;8499642-0806|8499929-6662
4456;8499611-5822|8499611-5822
4458;8499616-7363|8499616-7363
4460;8499640-0601|8499640-0601
4461;8499820-0319|8499820-0319
4466;8499919-5426|8499919-5426
4469;8499962-0937
4471;8498839-2493|8498839-2493
4476;8498164-1865|8499699-2997
4478;8499915-3737|8499915-3737
4479;8499227-6704
4480;8499977-2413
4483;8499611-0717|8499611-0717
4484;8499909-0805|8499672-1246
4485;849707-5438
4489;8499662-4423|8499662-4423
4490;8499840-1021|8499840-1021
4491;8498103-8329
4495;8499623-9905|8499699-0472
4497;8499996-5285
4499;8498838-1343
4501;8499843-0636|8499843-0636|8499163-2442
4502;8499633-5264|8499633-5264
4503;8499910-7171|8499910-7171
4505;8499932-8655|8499932-8655
4511;8499908-9743
4512;8499800-8241
4514;8499904-5976|8499904-5976
4517;8499223-4212|8499223-4212
4518;8499812-9304|8499812-9304
4519;8498844-1860
4520;8499981-4267|8499981-4267
4523;8499231-3082|8499231-3082
4530;8499627-8623
4535;8499820-1143
4537;8499848-6756|8499848-6756
4538;8499870-0039|8499870-0039
4539;8499802-4435
4542;8499954-9435|8499954-9435
4543;8498161-7318
4544;8499200-6641|8499134-9417
4545;8499640-9276
4546;8499913-3769|8499913-3769
4550;8499428-5902
4551;8498884-3318
4552;8499672-4311|8499672-4311
4556;8499640-6702|8499640-6702
4559;8498154-3777
4560;8499803-6174|8499803-6174
4561;8499654-2442|8499654-2442
4566;8499910-4472|8499910-4472
4567;8499609-5093
4569;8499979-5206
4570;8499168-0233|8499168-0233
4571;8499946-8413|8499946-8413
4584;8499671-6739
4587;8499987-8437|8499987-8437
4588;8498834-2976|8498739-3353
4589;8499609-7081|8499609-7081
4591;8499963-0083|8499963-0083
4593;8499649-2068|8499649-2068
4594;8499632-1391|8499632-1391
4595;8499981-0368
4596;8499145-0951|8499145-0951
4603;8499817-1186|8499817-1186
4604;8499993-2979|8499993-2979
4607;8499616-9573
4609;8499619-4785|8499619-4785
4612;8499993-8242|8499993-8242
4613;8499982-3474
4626;8498124-7292
4629;8499819-1313|8499819-1313
4631;8499988-6780|8499651-3707
4635;8498840-9631|8498840-9631
4637;8499645-6803
4641;8498811-8074|8498811-8074
4642;8499664-7997
4645;8499813-4583
4647;8499815-7296|8499815-7296
4649;8499130-0736|8499130-0736
4650;8499617-0389
4651;8499936-8902
4653;8499651-2726
4659;8499928-0161
4661;8499993-8391
4664;8499975-5575
4671;8499609-8802|8499609-8802
4677;8499970-2812|8499970-2812
4678;8498152-3557|8498152-3557
4681;8499484-7290
4682;8499911-7268|8499911-7268
4690;8499819-9258|8499819-9258
4691;8499646-7613|8499646-7613
4694;8499847-9902|8499847-9902
4695;8499619-2755
4698;8499957-8703|8499957-8703
4704;8498841-0027|8498841-0027
4707;8398116-5038|8398116-5038
4710;8499982-0504|8499982-0504
4719;8499618-5885
4720;8499953-0439
4721;8499613-5193|8499613-5193
4722;8498806-6764
4723;8499410-8562|8499410-8562
4727;8499147-4906
4729;8499818-4292|8499818-4292
4730;8499674-3940
4737;8499991-1899|8499991-1899
4738;8499912-7679
4740;8499916-8026|8499916-8026
4741;8498105-6370|8498105-6370
4745;8499830-2970
4746;8499614-0492|8499614-0492
4748;8499997-7770|8499997-7770
4749;8499944-9449
4750;8499688-3069|8499688-3069
4751;8499818-6152|8499818-6152
4754;8499985-9079|8499985-9079|8499985-9079
4755;8498844-3533|8498844-3533
4758;8499983-9567
4759;8499936-7379
4762;8499917-8346
4763;8499800-3493|8499800-3493
4766;8499602-1642|8499602-1642
4768;8499947-6063|8499947-6063
4772;8499999-1282|8499999-1282
4775;8498137-7188|8498855-2754
4777;8499193-7903|8499193-7903
4780;8499231-3097|8499231-3097
4782;8499955-9423|8499955-9423
4783;8499912-3987
4784;8499690-2091|8499690-2091
4785;8499459-1403|8499459-1403
4789;8499193-2034
4793;8499682-6720|8499682-6720
4795;8499854-7910|8499854-7910
4802;8499854-5449
4805;8499606-6955
4806;8499623-2976|8499623-2976
4807;8499955-4194
4809;8499624-8179
4813;8498629-4820
4814;8499827-4021
4815;8499607-5085
4877;8499974-5921
4976;8498154-3665
4977;8499818-6142|8499818-6142
4979;8499836-0067
4980;8498190-7997
5197;8499170-6494|8499170-6494
5209;8499172-7550
5669;8499682-4400
5676;8499624-7646
5677;8499837-8704|8499837-8704
5678;8499674-4540|8499674-4540
5679;8499902-4107
5680;8498871-0758|8498871-0758
5681;8499638-1600|8499638-1600
5685;8499600-4848
5687;8499818-7936
5693;8499903-1238
5697;8499813-2438
5704;8499604-9226|8499809-9200
5706;8499845-5911
5715;8499689-9668
5716;8499938-3814
5718;8499125-9797|8499125-9797
5720;8499689-0601|8499689-0601
5722;8499819-8160
5724;8499903-1529
5725;8499623-3048
5728;8499966-6599
5729;8499676-9497|8499676-9497
5734;8499958-4924|8499958-4924
5736;8499940-4350
5740;8499697-2135
5743;8499209-1368
5744;8499936-3270
5745;8499803-3826|8499803-3826
5747;8499948-7851
5749;8499990-5636
5750;8498639-4799
5753;843479-2397
5770;
5771;840429-2796
5784;8498743-5149|843471-2808
5793;8499857-5221
5796;8498105-5655
5805;8499141-9440
5812;
5815;
5826;8499661-5758
5828;8499953-4137
5831;8499959-2970
5839;8499993-8280|8499963-8030
5840;8499953-0922
5846;848808-3024
5848;849948-9265
5849;8499620-8223
5865;8498120-2324
5868;8499605-7053
5875;843475-0256
5885;8499995-4765
5898;8499984-0591
5907;849969-8274
5911;843336-2335
5918;8499920-4798
5919;8498887-8804
5920;8499907-8806
5926;8499962-1133
5928;8498888-9999
5933;
5937;8499609-5473|849937-6599
5947;8499924-4199
5949;8498860-6125
5954;8499999-0000
5960;843412-3829|849995-5494
5970;843412-4444|849937-9472
5972;
5978;8499191-9191
5979;8499629-5226
5981;8499603-7733
6009;843412-0078|848883-7134
6043;843421-3402
6057;8499628-3999
6060;8499989-5070
6070;
6073;8499754-6874
6088;8498792-8070|8498895-6033|843479-2264
6101;8499975-5763
6118;8499606-1132
6122;843488-2330
6134;8499990-9110|8499637-0505
6142;849108-9227
6169;8499683-3335
6179;8499667-6078|8499903-8820
6190;8499914-5823|843423-2182
6210;8499963-5644
6211;8498843-8357
6231;849160-7894
6232;8499917-6102
6234;840347-3264
6247;8498893-1508|843412-1508
6259;848842-5037
6264;8499636-2333
6280;843417-3789|849962-6649
6297;8499461-0940|849901-8477
6298;8499445-1894
6319;8499620-5964|8499620-5968
6320;843325-1647
6326;8499955-4507
6338;843475-0036
6342;8499624-6197
6347;8498176-9222
6368;8499905-0969
6370;849933-2822|843471-3615|843417-2300
6380;843426-2376
6383;849646-1805
6392;843291-2857
6398;8499969-1916
6400;8499900-5979
6414;8499603-8619|849989-0619
6417;843435-2561|849693-1730
6420;849916-0760
6431;8499998-1370
6440;849906-2932
6452;8499928-3064
6455;849954-7742|848863-6589
6462;8499941-7866
6464;849605-3171|8498896-9125
6473;8499601-9973|8499601-9973
6508;843432-0209|843432-0105|848601-2415
6510;848848-0760|848848-0760
6513;8499639-5405|849909-4701
6514;8499697-9469
6515;843423-2663
6521;8499608-1227
6523;8498806-5423
6524;849962-8331|8499820-0998
6527;8498812-0996
6537;8498805-3835
6549;
6563;843424-0002
6566;8499624-1975
6577;
6611;843291-3586
6612;8499914-1247
6618;843438-0101|8499601-9905
6627;8498765-4231|8498754-9687
6629;8498757-3548
6634;8499611-1537|843427-2309
6652;8499915-5422
6655;8499956-0202
6658;8499950-9293
6663;8499134-7076|843417-1588
6678;8498859-6921|8499906-6019|849863-5050
6684;843426-2036
6689;848804-2993
6691;8499806-4319
6692;849989-0428|8499950-9780
6705;849635-7916
6716;843426-2058|849657-9647
6717;843432-4652
6718;8499994-4028
6722;8499641-5786|8499435-1005
6730;8499663-0605
6732;8498842-1681
6742;840000-0000
6746;8498758-9185
6762;8499655-4415
6768;849953-9425
6775;8499970-5357
6777;849915-9007
6792;8499415-2032|849186-5654
6796;8498899-4889
6799;849919-6155
6803;8499918-9725
6804;8499819-9251|8499969-4745
6807;8499678-3637|8499647-1714
6808;8499988-2197
6820;8498633-3229
6846;8498719-0358|843452-6584
6848;8499918-7748
6853;8499629-9046
6858;8490000-0000
6859;8499617-4837|8499622-2166
6866;8499950-9015
6885;8499963-4799
6893;8499985-0324
6904;8498794-0613
6913;849623-5979
6927;849970-6213|8499615-4721
6942;8499973-2829
6956;843437-2227
6958;849976-6673
6969;8499806-4319|8499950-6243
6973;849987-2867
6974;8499902-8705
6989;8498886-2399|8498781-4353
7001;849989-1346
7011;8499845-8561
7014;8499645-3141
7024;849090-9191
7025;849955-9327|849670-5882
7026;8498989-5050
7028;8499675-1722
7040;8499959-4042
7042;8499635-2418
7044;849673-5313
7052;8499661-1763|8499932-4949
7061;8498611-8405|843362-2225
7063;8499908-7171
7079;849657-3526
7080;8499822-3070
7081;8499684-4051|849979-1332
7086;843476-0012
7097;848714-7642
7111;8499609-1900
7113;8499616-0686
7114;8499636-6227|849967-0133
7115;8499661-1041
7126;8492185-3711
7129;8499964-4533
7130;849973-2962|8499953-6900
7131;848865-4789|8499913-7023
7132;849992-0556
7152;8499604-2293
7153;8498885-9200
7160;8499118-6743
7161;8499808-6505
7169;8499804-4588|849931-6596
7176;843417-4084
7177;8499932-1261
7178;843431-1940
7187;849845-3183
7189;8499643-2482
7199;8499977-8017
7203;8499901-9554
7205;8499954-0036|8499634-1441
7206;8499685-0606
7221;8498851-2085
7222;838146-0691
7223;843211-1111
7224;838116-5484
7226;839654-7481
7227;838146-1992
7228;833479-1054
7230;0833479-1127
7231;833479-1147
7232;833479-1111
7233;
7234;838130-5736
7235;833478-3014
7236;833478-3022
7237;
7238;
7239;838104-8454
7240;839638-8327
7241;838143-9727
7243;838127-8244
7244;
7245;
7248;838132-1448
7249;838164-9213
7250;
7252;838128-4321
7255;838161-1654
7257;838133-3351
7259;833465-1008
7260;838128-1253
7261;838126-7724
7262;843465-1017
7264;839155-6863
7267;833425-0017
7269;
7271;
7274;833424-1042
7275;833424-1075|839636-5734
7277;839802-2681
7278;835656-5656
7279;839167-7056
7281;
7283;833472-2116
7285;839905-8808
7287;839914-8201
7288;839177-1900
7289;839840-9956
7291;839902-6569
7292;838745-3161
7293;
7294;833472-2651
7296;839954-0925|839100-3836
7297;839116-8404
7299;833472-2200
7300;
7301;
7302;833472-2161
7306;839112-8258
7307;833472-2330
7310;833462-5896|839155-6102|839648-0495
7311;839955-2465
7312;839113-2591
7313;843472-2271
7315;839152-9704
7321;839912-6743
7322;839642-3689|839640-7198
7323;839696-7948
7324;839633-6407
7326;839993-6205
7327;839929-8733|833466-1068
7328;833343-4890|839803-1814
7330;839804-3603
7331;839637-2034
7333;833466-1022|839914-4268
7335;0839636-9511
7336;0839647-2390
7338;839696-9290
7340;839636-7462
7343;0839636-8005
7344;
7345;833464-1138
7346;
7347;839660-4190|833464-1130
7348;843464-1163
7349;0839650-6578
7350;0839907-0243
7351;
7357;839904-1028
7358;849917-6342
7359;839988-1035
7362;833466-1154
7363;833469-1121|839917-0537
7364;833469-1177
7365;839985-6205
7366;839612-7767
7367;833469-1122
7369;
7370;836565-6565
7371;
7372;839658-2199
7373;833469-1032
7374;839941-7503
7375;833469-1167|839978-9000
7376;833469-1052
7377;844321-5000
7378;0839933-0837
7381;839652-2910|833469-1015
7382;833462-1329|838719-0923
7383;833462-1355
7384;838834-8005
7385;838740-5688
7386;838870-6672
7387;834321-4321
7388;838732-2472
7389;
7390;833462-1452|838739-9915
7391;838732-9049
7392;838873-8494
7393;833462-1311
7395;833462-1231
7396;838740-5688
7397;833462-1581
7398;833462-1320
7399;838732-0693
7400;838825-2863
7401;838741-2565
7402;833462-1230
7403;848733-2847
7405;833462-1318
7406;313214-5678
7407;838736-4325
7408;838888-4512
7411;833463-2511|838715-8256
7413;833463-2397
7416;833463-2201
7417;839652-3214|838770-9204|833463-2346
7418;838750-6652|833463-2301
7419;
7420;833463-2347|838787-0287
7421;833463-2881
7422;838715-9725
7423;833463-2308
7424;833463-2288
7425;838775-4672
7426;833463-2308
7427;833463-2799
7428;833463-2843
7431;838834-2228
7432;838855-6325
7434;833463-2548
7435;833463-2411|838742-8649
7436;
7441;833463-2837|838735-1068
7444;838853-1273
7446;833463-2376|838808-6734
7447;833463-2017|838756-0241
7449;838865-7320
7450;838726-9917
7451;833463-2622|838878-5227
7452;838630-5223
7453;838733-2625
7454;838711-0459|833463-2379
7455;838851-6179
7456;838660-0214
7457;838680-7117
7458;838640-8832
7459;833463-2191|838719-8513
7460;833463-2271
7461;838625-1400
7462;838712-4058|838716-9145
7464;838799-7981
7465;838719-7401
7466;833463-2816|838743-1796
7467;
7468;833463-2085
7469;
7470;
7471;838718-6364|838700-4154
7472;838729-4400
7473;838745-2441|839915-8809
7474;848747-2355
7475;
7476;833473-1278
7479;8484323-2323
7480;833473-1035
7482;838737-0537
7483;838610-4553
7484;
7486;838857-4013
7487;833473-1362
7489;838872-8446
7490;843322-2221
7491;848585-8585
7492;
7493;833473-1007|838742-6394
7494;838740-7599
7496;838737-0532
7497;833473-1176
7498;833473-5006
7500;
7501;838759-3150
7502;844321-5000
7504;838728-8571
7506;838747-6946
7507;833473-8253
7509;838834-1402
7511;838834-1649
7512;833473-1409|838842-3734
7513;839661-0671
7515;833473-1101
7516;838816-1212
7517;833477-1032
7518;839952-3379
7521;839639-1408
7522;839971-1326
7523;833477-1213|839953-0020
7524;839970-6602
7525;839937-3159
7526;839929-0498
7528;
7530;833477-1100
7531;839921-0593
7535;833477-2710
7538;838869-3383
7539;833476-1081
7540;838852-2335
7542;
7543;839639-5208
7544;839959-3360|839959-4748
7545;839827-0909
7547;839900-7297
7548;
7549;839663-3926
7550;
7551;833467-1163
7552;
7553;839908-3739
7554;839644-5907
7556;839961-1658
7557;834321-5056
7558;833467-1204
7560;
7561;839622-4945
7563;839979-0201
7564;839990-9037|839921-0546
7565;839133-4335
7568;833461-2285
7569;833461-2247
7570;833461-1033
7572;839936-0363|839908-9045
7573;833461-2819
7574;833461-2775
7575;833461-2271
7576;839942-2415
7577;833461-2666
7578;839979-2337|839905-5852
7579;
7580;
7582;839945-7091
7584;839965-7477
7586;839122-9218
7587;833461-2207
7588;839910-4282
7589;
7591;839986-0498
7592;839969-3883
7593;839921-7448
7594;0833461-2096
7595;839992-0050|833461-2957
7596;839143-2911
7598;833461-2568
7599;833461-1358|839966-4382
7600;833461-2548
7601;833461-1366|839114-5359
7602;839943-5106|833461-1582
7604;839313-6112
7607;849624-8875
7614;838817-5988
7618;843431-9008
7620;8499824-1570
7621;8499916-0536
7631;8498718-3747
7632;8498870-2065
7635;849937-0933|849601-9300
7636;839633-0319|839612-7790
7637;839978-6249
7640;839934-0550|839603-0156
7655;838821-9978
7657;8498715-8778
7660;848709-1881
7666;8499669-9178
7671;838146-0747
7674;
7676;849926-0079|849996-8162
7678;8498715-8634
7684;849602-7081
7685;8499916-1694
7686;8499977-8303
7687;8499936-2018
7694;8499924-6239|843412-1566
7695;849625-9710
7697;8499693-1407
7701;838863-7619|838604-6362
7702;8499666-0427
7703;838609-2820
7705;
7706;834321-4322|838861-2350
7707;843417-5006|839150-0171
7708;849693-0055
7710;8499970-0881
7715;8499639-5045
7716;
7718;843417-5006
7719;838896-8127|833463-2478
7722;848716-1084
7723;839909-6708|833461-2775|839617-9897
7729;8499605-9974
7735;848432-3232
7737;8499970-0540
7741;0839650-0354
7742;849654-8782
7745;849913-7171
7747;
7748;844321-0000
7749;
7750;839938-2910
7751;839963-9871|839370-5877
7752;839965-7655
7756;849614-1354
7758;839841-4246|839600-4986
7764;833232-3232|838874-3790
7765;838383-8383
7766;839983-1788
7774;8499699-4567
7779;8499962-6462
7780;8499959-2970
7783;833461-2938|839162-3334
7784;833461-2018|839802-4199
7786;848686-8686
7788;839860-3352
7793;839623-0306
7794;833221-1212
7795;8499608-7082
7795;839908-1564
7796;8499978-3665
7804;
7808;8499986-8257
7810;849950-0430
7811;8499964-3824
7814;838383-8383
7816;8499935-3066
7822;849910-3150
7830;8498821-3579
7831;838899-1964
7832;839913-6021
7833;838878-2096|838704-0972
7835;839964-4476
7836;833472-2683
7837;839970-5347
7846;8498788-7614
7853;8499652-1818|8499966-3863
7863;849996-0897
7867;8498867-0120|8499405-0537|8499487-0047
7873;8499657-9889|8499927-5533
7877;8499939-8484
7880;849981-5312|848788-2796
7881;8498843-8466
7885;8499609-4621
7889;849160-5618
7892;8499914-6006
8004;848732-8161
8010;8499703-9516|8499603-5960
8014;849925-2628
8022;8499942-4032
8030;8499932-6692|849691-4477
8057;849186-5615|8499108-0226
8059;8499677-4437
8062;849930-5314
8064;8499898-7850
8083;8499608-8555
8089;8499659-8086
8091;849160-4043
8096;8499902-7708
8099;8499913-7908
8108;8499933-0440
8110;849916-7473
8114;849602-7693
8121;8499910-1401|8499927-7499
8130;8498707-3814
8131;849842-6330
8135;8499929-3828|8499617-2803
8142;8498797-1395
8144;849650-9009|849625-2372
8157;8498736-6980
8158;8499972-1842|849601-1397
8160;8499610-4930|8499639-0131
8169;8499995-5195
8173;8499967-1523
8180;8499904-9522|848163-6715
8182;8499926-7071
8192;8499659-2339|8499654-3031
8195;8499661-9598
8212;849971-0373|849981-1204
8221;8499915-9116
8226;849946-6167|848776-0666
8229;8499944-9610
8233;8498796-2065|8498805-1162
8234;849669-8939
8242;8499863-4891
8248;843429-2172|8499656-8822
8261;8499956-8867
8272;849643-6354
8276;8499905-0144
8280;8499869-4140
8281;8499609-1900
8283;8499961-5090
8289;8498879-2411
8294;843351-3277
8296;848834-6350
8301;849943-5731
8303;8499817-4963|8499409-1174|849607-9232
8304;8499639-5045
8306;8499622-3796
8319;8499628-4138|8499450-3348
8324;8499907-8806
8326;8499906-6223
8332;849638-7129
8338;8498849-3087
8340;8499903-8262
8343;8499927-9811
8353;8499625-2183|8499968-5157
8355;8499605-6172
8357;848603-5105|843476-0099
8363;849679-2423
8365;8499940-6859
8368;849966-3124
8376;8499860-8919
8382;848860-6574
8387;8499602-7001
8388;8499960-8310|843412-2854
8391;8499874-8953
8395;8499946-6506
8397;8498603-5105|8499943-3552
8400;8499634-2355
8405;8498851-2085|8498620-5416
8416;8498812-5129|8499944-1075
8428;849954-2178|8499987-6717
8444;8499939-7819
8446;8499471-6421
8452;849820-4675|849867-9059
8454;8499676-1188|8498851-4102
8463;849636-2169|8498819-9700
8465;8499872-5250
8481;849801-4367
8484;8499820-0395
8485;849993-9310
8488;8499869-9153
8489;849862-4629
8490;8499852-0184|8499685-4572
8495;8499954-5934
8498;8499960-7963
8504;8499977-6909|8498116-8350
8505;8499928-3747|8499607-7050
8510;8499670-9994|8499829-1419
8512;849827-8313
8513;849616-0022
8518;849928-0699|8499912-1841
8523;8499966-8543
8524;8499845-8561
8526;8499629-0135
8532;8499628-4477
8544;8499914-1710|8499630-3156
8554;849669-6686
8556;8499985-9720
8560;849807-6097
8564;8499801-0101
8567;8499822-6526
8570;849955-1580
8574;849613-3589
8590;8499831-6916
8593;8498866-6129
8599;849607-3801
8615;849966-3322
8616;8499634-0095|8499932-7815
8617;8499986-3336
8619;848899-6688
8625;8499673-1213
8629;8498145-4032|8499986-8643
8630;848866-3322
8631;8499681-8156
8633;8499918-0779
8634;8499870-6154
8640;8499636-6768
8641;8499943-1431|8498869-1927
8644;8499681-3142
8649;8499609-2319
8650;8499970-3915|8499840-2238
8652;8498703-9149|8498665-6001
8655;8499944-1500
8656;8498724-6461|849966-5224
8657;8499634-8763
8662;8499607-8505
8664;8499953-2918
8665;843417-2412
8672;8499951-2990
8677;8498839-8599
8678;8499639-4975
8689;8499933-9274
8693;8499987-0603|843417-3666
8694;8499673-5313
8698;8499930-6762|8499818-5700
8700;8499917-4027
8702;8499851-1073
8703;8499986-3237
8708;8499950-2542|8499985-1301
8709;849970-4835
8711;8499963-2802
8712;8498793-8468
8721;8499893-5859|843417-1672
8722;8499909-2389|8499812-9775
8723;8499834-7615
8729;8499907-0982
8732;8499663-1115
8735;8499944-2064
8749;8499710-0292
8751;8499909-0034
8758;8498734-0814
8760;8499677-7679|8499968-0827
8761;8499625-1916
8762;8499617-6463
8770;8499867-7035
8771;8499670-0477|8499926-7071
8772;8499967-1523
8777;8499651-9571
8778;8499970-5680
8779;8499978-1001|8499670-6849
8784;8499837-2002
8786;8499672-5189
8787;8498739-1384|8498713-3042
8788;8499615-5799
8795;8499608-5444
8796;8498785-8663
8798;8499870-1969|8499956-6214
8799;8499812-2208
8800;8499851-7595|849929-0004
8804;8499837-0741
8807;8499938-3134
8810;8498777-1075
8811;8499627-8686
8813;8499671-7852
8818;8499818-8185
8820;8499608-2065
8830;8499638-7146
8833;8499810-9115
8837;8499906-0136
8840;8499978-9069|8499929-2475
8841;8499853-7622
8842;8499963-2329|843431-2329
8843;8499629-1927
8846;8499985-8383
8848;8499939-9235
8849;8498708-5572
8852;8499657-1544|8499686-3883
8855;8499643-5935
8857;8499918-9635
8859;8499910-1018
8860;8499948-0787
8861;8499648-0286
8867;8499960-4883
8868;8498841-0217|8498808-4390
8869;8499925-3589
8870;8499993-1126
8871;8499228-6075
8877;8499496-0797
8878;8499909-6700|8499974-5013
8884;8499618-1311
8886;8499606-5080
8887;8499955-0423
8891;8499954-3089
8895;8499981-4568|8499933-9588
8896;8498812-0535
8898;8499811-5479
8900;8499701-9386
8903;8499452-6357
8908;8498787-8379|8499667-3030
8910;8499458-6785
8913;8499814-6917
8914;8499992-3278
8915;8499971-5078
8917;8499927-8796
8920;8499655-9094
8922;8499941-0609|8499667-3789
8924;8499937-6122
8927;8499949-4889
8929;8499948-6357
8930;8499705-2557
8934;8499802-5907
8935;8499124-9427|8499124-9427
8937;8499659-7441|8499659-7441
8938;8499993-8515|8499644-2168
8939;8499911-7574
8941;8498713-8335|8499817-9916
8942;8499654-2436
8943;8499626-6700
8947;8499623-2058
8948;8499853-7962
8949;849949-4528|8499681-5913
8950;8498743-4170
8953;879915-4449
8955;849602-9977|849602-9977
8956;8499668-5888|8499921-3484
8957;8499623-2976|8499923-2976
8958;8499608-4121|8499608-4121
8979;8499644-1471
8984;8498863-9017|8499859-0470
8988;8499643-0227
8989;843423-2533
8991;8499955-1425
8992;8499964-2435
8995;8499871-8555
8997;8499831-5549
8998;8499992-0099
8999;8499651-0506
9000;849912-3459
9004;848484-8440
9010;8499828-2842
9016;8499648-6859
9019;8499630-4582
9020;8499649-3147|843378-0099
9038;843351-2105
9041;8499901-3524
9044;843351-3290
9045;849124-0202
9046;8499635-7763
9057;8499854-4933
9064;8499946-1323|8499978-1414
9065;8499224-5444|843351-3117
9068;8499800-4671|843351-2587
9070;8499991-4661
9073;849157-3850
9076;849654-5691|843351-4129
9077;843351-5040
9079;8499844-4560
9080;843351-2828|849839-2477
9081;8499663-3600
9083;8499937-7892|849464-9502
9089;8499637-3246
9090;8498896-7520|843315-0110
9094;8499869-9071
9096;843351-2122|8499620-7245
9103;8499653-3902
9105;8498140-9041
9107;843351-2200
9113;8423849-6222|8423849-6222
9114;8499688-7353|8499863-1213
9117;8499626-9427|843351-2550
9119;8499807-9258
9125;849860-2388
9126;8499674-7829
9132;8498185-7025
9137;848830-4050
9141;8423074-2752|8499918-7797
9144;8499802-9260
9148;8499990-1977|8499850-0589|843351-3166
9152;8499608-4488
9156;8499608-3752
9157;849907-1855|8499899-9607
9159;8499705-0699|843351-2222
9171;8499897-4187
9177;843351-4445
9185;8499951-6025
9187;8499640-7610
9192;843351-3838
9206;843353-2894|849917-5795
9207;843353-2383|8499146-2961
9209;843353-2560
9211;8499168-6107
9220;8499117-1165
9239;849126-7322
9241;849127-1108
9244;8499410-8966
9254;849146-2440
9256;8499608-6739
9257;8499661-3718
9260;843353-2210|8499470-3543
9262;8499149-3303
9267;849641-6218
9269;8499851-0631
9283;8499158-5661
9292;8499631-6025
9295;849156-3845
9299;849937-1896|849154-0442
9306;849940-9721
9308;849112-2722
9316;849830-7876
9318;843353-2711
9319;8499943-9598
9324;8499419-3891|8499109-9547
9330;8499689-6050
9334;849648-5866|849419-3428
9335;8499135-3056
9337;843353-2362
9343;843381-2388
9345;8499678-1910
9346;848896-4785
9347;8499678-9754
9350;8499955-0486
9351;8499836-9844
9352;8499662-4222
9356;849860-3073|8499993-7681
9357;8499698-3000
9362;849807-0187
9363;8499634-4103
9366;849906-7027|8499889-6340
9384;8499607-2915
9387;8499818-2968
9392;8499817-7092
9395;8499681-0504
9400;843397-2365
9403;843397-2042
9404;8499650-0200
9405;8483472-4721
9408;849938-3469
9409;843421-5012|8499982-5684
9413;843397-2361
9420;8499844-8121
9421;843397-2407|8499903-5566
9422;843397-2878
9433;8499861-5078|849619-0787
9434;849656-5113
9435;8499964-6225
9441;8499880-4180|843386-2210|8499650-2299
9442;8499655-3993|843386-2031
9444;8499921-2828|8499819-8082
9446;8499959-1726
9454;8499851-5089
9458;8498247-9247
9459;8499878-8336
9460;8499940-4277|849905-1852
9462;8499677-4949|843382-2246
9463;849943-2532
9464;8499619-6193
9465;8499682-1836|849949-3871
9470;8499964-6547
9471;
9479;8498806-9267|8499670-2286
9480;843391-2216
9483;8498896-8852
9484;8499857-3819|8499988-1495
9487;843391-2503
9488;8499702-0015
9491;8499929-4690|8498160-2205
9496;8433231-1311
9497;840391-2277
9498;849702-0013|843391-2611
9504;8492170-0109|843385-2206
9505;8499628-7731
9506;8499931-1620
9507;8499972-8413
9511;8499989-1180
9512;8499837-1755|8499958-8897
9514;8499624-1612
9515;843385-2215
9517;8499659-9280
9520;8499958-4864
9522;8499694-1188
9527;849667-5399|8499901-9705
9529;8499637-9595
9530;8499647-1213|849645-6963
9534;843377-2002
9535;8499987-5612
9536;8499612-3916
9541;849995-1545
9542;8499858-6057
9545;8499905-0660|843392-0164
9547;8998652-4371
9550;848121-8753
9551;8498113-9044
9554;8498160-8360
9561;8499966-5845
9568;8499919-2128
9574;849644-1575
9575;849623-0501
9586;8499891-8092
9591;8499671-8591
9596;8479623-1442|8479623-1442
9601;8499656-2728
9602;8499680-4455
9608;849611-2478
9610;8499642-9695
9614;8499987-1555
9622;8499455-6687
9624;8498158-9758
9625;8498115-9887
9632;8499090-9898
9633;8498108-2052
9634;843354-0156|8498121-1629
9637;8499653-2555|8499981-1994
9640;849620-2011
9641;8499904-3300|8499953-9451
9646;8499902-1766|8499629-5457
9672;8499615-4630
9673;849610-0578
9678;8499617-0459
9680;8499611-0352
9681;8499906-4349
9685;8499608-6865
9691;8423424-2424
9696;8499972-8096
9697;8499667-3700|843398-0005
9701;8499658-1324
9707;8499691-8180
9713;8499664-9379
9715;8499918-4058|8499703-2455
9716;
9718;843373-2042|843373-2042
9722;8499668-9000
9723;843373-2262
9748;843394-0115
9755;8498173-3902|848101-3139
9756;8499622-6345
9757;8899623-5549
9762;843355-0015|848114-3814|8498101-2300
9770;843396-0224
9773;8499638-0453
9776;843396-0021|8499964-0766
9777;843396-0100
9782;848484-8484
9785;8499666-3003|843384-0109
9791;8499613-1417|843381-2244
9792;898695-7485
9793;8499964-3398
9794;849902-5327
9795;843384-0057|849946-1328
9797;849657-8400
9798;8499868-2121
9799;8499928-2684
9800;8499973-4918
9802;8499852-1235
9803;8499989-8252
9810;843359-0046
9811;8498175-4751|843359-0070
9815;8498102-7968|843359-0002
9817;8499900-3455
9818;849601-0327
9820;8499687-0942|8499918-3564
9828;849642-9068
9834;8499933-9357
9837;8499980-3184
9909;8499651-4807|8499651-4807
9916;8499982-4141|843353-2132
9922;8494103-1987
9928;849123-6079|848130-1332
9929;8499610-6902
9931;8498148-8489
9938;849839-3548
9939;849639-3230
9940;849646-5252|849910-7412
9941;849637-9595|8499989-4062
9942;849116-6242
9945;8498133-9832
9949;849927-5910
9954;849990-5929
9960;849834-4697
9965;849915-5492
9968;849904-4590|8499800-2046
9980;849819-8144
9985;848122-4300
9986;8499637-1799
9990;8499683-3000|843386-2516
9992;
9996;8499904-2623|8499680-0709
9999;849657-1064
10003;8499953-5361
10011;8499612-0739|8499820-0034
10016;849940-4818
10018;8499932-7926
10024;8499612-2621|8498103-1834
10031;849616-6668|849804-4637
10034;849918-6555
10036;849983-3437
10037;8499661-0578
10040;8499638-2285|8499967-0679
10048;849619-3520
10051;8498114-6505|8498114-6601
10055;8499933-8556
10061;8498159-4713
10070;8499837-8036|849130-1320
10073;8499832-2730
10075;849900-9365
10078;8499842-5398
10079;849928-1019
10082;8498142-0959|8498142-0797
10085;8499644-8244
10088;849974-5440
10090;8499620-2011
10093;849615-4758
10096;8499904-6087|849669-0866
10097;8499616-4752
10108;8498161-4477|843388-0169
10111;8499177-7805|8499837-8493
10116;849908-8286
10119;8499672-4522
10134;8499612-1403
10136;849940-9692
10151;849676-8693
10156;8499985-8597|8499974-6477
10158;849814-6213|8498136-7848
10169;848144-2561
10175;8499839-3575|8499617-9055
10176;8498122-1759
10177;8499913-0270
10187;849659-6638
10192;849674-0778
10194;8498108-7223
10204;8499828-7698
10206;8498115-4828
10210;849953-2428
10213;8499686-8818
10214;849636-9623
10219;849666-3144
10222;8499846-9809
10224;849819-8615
10225;849651-4731|8499811-0097
10228;8499807-4412
10229;849807-4412
10239;8499812-8409|8499629-4130
10240;849984-7569
10247;849986-3521
10256;8498814-1510
10260;8499831-0925
10264;8499869-0610
10266;849604-9784
10267;849948-7151
10268;8499607-6505
10270;8499691-5399|8499939-0252|8499939-0258
10271;849830-2975
10273;849622-4366
10280;8499614-3513|8499602-6529
10287;8499665-3753|8499660-9942
10294;849693-2284
10304;849830-7448
10305;849623-1819|8499623-1819
10308;8498135-4535
10314;8499633-0101
10315;8499638-0172|8499939-7174
10318;8499832-2961
10321;8499487-6519
10323;8499965-5818
10333;849800-2139
10340;849134-2116
10341;8498178-2300
10349;8499851-3660
10352;8499636-7699
10353;849800-8489
10358;8499691-6461
10359;8499809-1012|8499613-3119
10371;8499649-4002
10373;843351-4445|8498122-0515
10377;8499630-7442
10381;8499903-4038
10382;8498977-1115
10385;849902-7426
10399;8499818-3535
10408;8499963-5090
10410;8499636-9288|8499674-9578
10412;8499682-9618
10416;8499966-5544|8499911-6308
10418;8499909-1717
10419;8499853-2482
10423;8498188-1486|843351-2786
10428;8499983-4081
10429;8499654-8201
10430;8499967-0701|8499911-6537
10433;8499964-6274|8499889-0100
10434;8499828-1241|8499833-3522
10439;8499932-8290
10441;8499662-4222
10444;8499930-9052
10445;8499941-5608
10446;8499926-2926|8499685-6889
10447;8499934-0467
10449;8499707-3520
10451;8499648-8727
10453;8499941-4444
10459;8499828-6806|8499825-6806
10462;8499675-3704
10464;8498783-2652
10466;8499814-8373
10471;8499800-9815
10475;8499981-0185
10483;8499652-2534
10486;8499616-4283|8499839-2511|8499668-5953
10487;8499632-3935
10490;8499622-7327
10491;8499673-3138|8499925-3079
10493;8499623-3148
10495;8499812-2863
10501;8498134-9900
10502;8498151-6168
10503;8499858-3917
10514;8499931-9040
10515;8499927-7786
10516;8499846-0885
10520;8499810-1284
10521;8499626-3255
10529;8499999-9452
10530;8498845-8635
10533;8499149-8698
10539;8498125-5889
10542;849608-4795
10545;8499660-2556
10547;8499622-5435
10550;8499644-7567
10555;8499880-4197|8499930-6118
10556;8499803-3220
10557;8499175-2081
10561;8499698-7293|8499692-4827|8399692-4827
10566;8499800-9915|8499660-2567
10568;8499449-9307
10571;8499688-9136
10575;8499952-3545
10576;8499691-8081
10580;8498147-3322
10581;8499804-2178
10582;8499916-3822
10583;8499842-5398
10584;8499842-9159
10585;8499662-1314|8499662-1314
10586;8499859-5950|8499859-5950
10591;8499610-9436|8499610-9436
10593;8499921-1400|8499921-1400
10596;8499895-9832|8499895-9832
10597;8499661-5599
10599;8499922-2058|8499922-2058
10600;8499685-3521
10601;8499955-7804|8499955-7804
10602;8498175-4751|8498175-4751
10603;849913-0300|849913-0300
10605;8499980-1173|8499980-1173
10612;8499915-4949|8499915-4949
10613;8498110-5033
10616;8499661-9058|8499661-9058
10617;8499935-9005
10622;8499662-9813|8499601-7828
10624;8499966-2732
10627;8499975-6430|8499975-6430
10628;8499406-5933|8499406-5933
10629;8499965-7608|8499965-7608
10631;8499880-4180
10634;8499182-7448
10635;8499428-5239|8499428-5239
10638;8498182-7869|8498182-7869
10642;8499980-7442|8499980-7442
10645;8498147-7387
10648;8499657-7156|8499657-7156
10651;8499920-1667|8499920-1667
10652;8199944-6020|8199944-6020
10657;8498158-7454
10659;8498141-0167|1198767-3117
10660;8499616-2300|8499677-4775
10663;8499700-3462
10664;8499951-8366|8499951-8366
10665;8499903-3547
10667;849687-3626|849687-3626
10671;8499672-1210|8499672-1210
10672;8499834-7759|8499834-7759
10674;8499940-8219
10675;8499710-6574|8499710-6574
10681;8499804-1657
10683;8498182-5314|8498182-5314
10684;8499193-1063|8499193-1063
10692;8499971-1172
10694;8499834-0287|8499834-0287
10695;8499952-6306|8499952-6306
10697;8498808-6351|8498808-6351
10698;8499607-5393
10699;8199426-8564
10701;8499943-0090|8499917-6625
10702;8499654-9660|8499927-8456
10706;8499710-2240|8499686-1081
10707;8498173-3283|8498173-3283
10708;8498142-4425
10711;8498156-4192|8498156-4192
10712;8498145-0048|8498126-8537
10713;8499690-1769|8499961-3722
10714;8499838-8913|8499838-8913
10716;8498156-8095|8498101-0192
10717;8499639-2016|8499639-2016
10718;8498124-5778|8498124-5778
10721;8499947-6142|8499947-6142
10722;8499669-5834|8499669-5834
10726;8499985-8597|8499985-8597
10727;8499604-9621|8499604-9621
10729;8499829-3132
10730;8499908-5301|8499908-5301
10732;8499833-4661|8499833-4661
10734;8499649-3147
10735;8499617-3488
10738;8499914-3929|8499914-3929
10739;8499914-2606
10741;8499917-1942|8499917-1942
10742;8499638-9627|8499638-9627
10744;8499940-7221|8499940-7221
10754;8499972-3828
10757;8499910-0499
10758;8499640-4602
10761;8499958-7646|8499958-7646
10766;8496776-1625|8498186-9733
10767;8399315-2695|8399315-2695
10768;8499840-9036
10769;8499851-8139|8499962-3956
10771;8499819-9102|8499819-9102
10773;8499639-6337
10774;8499839-9646
10777;5594998-3182
10778;8499642-5350
10784;8499997-3721
10786;8499194-3459|8499194-3459
10789;849650-3888
10791;8499957-7290
10793;8499935-8750|8499935-8750
10795;8499914-4104
10796;8499896-6088|8499896-6088
10797;8499685-6065
10801;8499810-1125|8499810-1125
10803;8499656-5144
10806;8499616-2845|8499616-2845
10807;8499828-4559
10808;8499836-9282|8499836-9282
10811;8499607-4491|8499607-4491
10812;8499827-9746
10818;8499189-9909|8499189-9909
10819;8499657-2271|8499657-2271
10821;8499848-0600|8499848-0600
10824;8499917-4579|8499917-4579
10825;8498103-0890
10828;8499671-9164|8499671-9164
10834;8499921-0388
10837;8499619-9170|8499606-3392
10838;8499905-3933|8499905-3933
10852;8499659-8655|8499659-8655
10853;849909-4563
10854;8498168-5912|849157-3261
10856;8499823-5549|8499823-5549
10857;8499833-0298|8499468-6175
10859;8499984-8988
10860;8499952-5863
10862;8498158-9533|8498158-9533
10863;849809-5575|849809-5575
10872;8499215-6735|8499215-6735
10873;8499190-4016|8499190-4016
10874;8499816-4388|8499816-4388
10877;849942-8649
10882;8498102-3252|8498102-3252
10884;8499943-4181|8499943-4181
10886;8499818-0913|8499818-0913
10889;8499945-8567|8499945-8567
10891;8499997-1615|8499997-1615
10894;848143-2930|848143-2930
10896;8498886-2635|8498886-2635
10897;8499678-5696|8499678-5696
10898;8499633-5982|8499633-5982
10900;8499907-2705|8499907-2705
10901;8899977-9781|8899977-9781
10902;8499650-1171|8499650-1171
10909;8499149-4314
10913;8498163-4264
10914;8499819-0929|8499819-0929
10915;8499893-3534|8499893-3534
10916;8499633-6261|8499633-6261
10920;8499644-3699
10926;8499968-5912
10927;849902-1789|849902-1789
10935;1195448-9273
10938;849909-8431|849909-8431
10940;8498120-2862|8498120-2862
10942;8499829-2524
10944;8499863-1460|8499863-1460
10945;8499848-0596|8499848-0596
10947;8499680-1630
10951;8499639-0582|8499639-0582
10956;8499645-2206
10957;8499924-8096|8499924-8096
10959;8498154-6490|8498154-6490
10960;8498160-1075
10963;8499630-8756|8499635-9206
10964;8499910-7529|8499910-7529
10966;8492161-6921|8499680-3691
10967;8899610-9014|8899610-9014
10971;8899957-2365
10972;8499603-4209
10973;8499625-2897|8499625-2897
10975;849843-6178
10977;8499678-0123|8499678-0123
10979;8498142-1226|8498142-1226
10982;8499674-6535|8499674-6535
10986;8499912-1873|8499912-1873
10987;8499984-7539|8499984-7539
10988;849657-5437|849657-5437
10989;8499817-4071
10990;8499935-5066|8499935-5066
10991;8499638-2327
10993;8499201-9978|8499201-9978
11000;8499941-2514|8499663-2551
11004;8499805-3098|8499805-3098
11005;8499802-5623|8499802-5623
11006;8499638-7543
11008;8499647-4548
11011;8499844-1406
11013;8499817-8514|8499217-8514
11019;8499686-1768|8499686-1768
11020;8499686-8332|8499686-8332
11021;8498118-4276
11022;8499670-7024
11023;8499606-4897
11027;8499921-6604|8499921-6604
11028;8499628-2275
11030;8499164-8822
11031;8499828-7321
11034;8499423-8042|8499625-3927
11035;8499629-7444|8499629-7444
11040;8492154-6821
11042;8499915-1754|8499915-1754
11043;8499639-2962
11044;8899648-5472
11050;849639-5401
11051;8499828-6805
11060;8499814-6631|8499814-6631
11061;8499609-2905
11063;8499869-6574
11065;8399914-9062
11068;8498190-7140|8498190-7140
11073;8499848-8729|8499848-8729
11074;8499852-4020
11080;8499898-5101
11082;8499909-5247
11085;8499642-2939|8499642-2939
11094;8499813-9044|8499813-9044
11096;8499617-4065
11100;8499606-7479
11104;8499828-7806|8499828-7806
11105;849918-8942|849918-8942
11108;8499646-3724|8499646-3724
11109;8499828-6334
11110;8499477-6364
11111;8499144-5779|8499144-5779
11113;8499972-2317|8499972-2317
11115;1197799-5314
11117;8499630-2563
11119;8498701-3001|8498701-3001
11122;8499957-8891
11123;8498790-3789|8498790-3789
11125;8499414-7702|8499155-8441
11126;8499479-3927
11130;8499680-6494|8499680-6494
11132;8499925-7596
11133;8498171-7619|8498171-7619|849920-3387
11135;8499608-2593
11139;8499949-3094|8499949-3094
11140;8499671-8784
11141;8499641-9447|8499641-9447
11142;8499603-4956|8499603-4956
11146;8499868-1539
11148;1197251-4634|1197251-4634
11149;8899668-5588
11152;8499602-4332|8499602-4332
11153;8499624-0204|8499624-0204
11154;8499932-8643
11156;8499899-5757
11157;8499967-8393
11158;8484999-4467
11159;8498147-8227|8498147-8227
11160;849950-6373|849950-6373
11162;8498148-7085
11163;8499638-7673
11169;8499841-0506
11176;8499656-5060|8499656-5060
11179;8499931-6236
11180;8499969-3760
11183;8499941-0090
11184;8498119-8564
11187;8499623-7836|8499850-9296
11191;8499856-9626|8499856-9626
11192;8499173-5594
11193;8499808-5318|8499808-5318
11194;5584996-0399|8499857-2485
11195;8498185-5548
11196;8499924-4214
11197;8498105-9521
11201;8499857-6352
11204;8499678-7850
11208;8499662-2342
11214;8499605-9401|8499605-9401
11216;8499945-0165|8499945-0165
11218;8498117-3518
11219;8499912-4464
11221;8499812-4274
11223;8499689-2658
11226;8499916-9877
11234;5584981-1850
11239;8499171-7431
11243;8499904-1223
11257;8499674-5359
11259;8498187-4434
11261;8499638-1877
11265;8498814-0120
11266;8499828-1002
11272;8499653-8266|8499653-8266
11275;8499702-7098
11276;8499811-7272|8499811-7272
11277;8499850-5607
11281;8399982-8563
11288;8499648-8730
11289;8498155-7532
11291;8499703-1944
11298;8499647-8028|8499647-8028
11305;8499816-3025|8499816-3025
11307;8499403-5471
11308;8499973-8387
11310;8499929-2126
11312;8499705-7848|8499705-7848
11317;8499227-2195|8499227-2195
11321;8499664-1781
11322;8499974-3918
11323;8499917-4813
11331;8498188-1631
11334;8499625-9021
11335;8499934-8020
11338;8499870-2359|8498180-7786
11340;8499988-8963
11360;8499913-8573|8499913-8573
11362;8399640-3462
11370;8499915-2368
11375;8499655-4948|8499655-4948
11376;8499838-5506
11377;8498177-3479
11380;8498137-4949
11387;8499899-1075
11389;8499960-4558|8499960-4558
11392;8499670-5530
11394;8499904-7604|8499904-7604
11398;8499468-6212
11402;8499844-9698|8499925-1140
11408;8499666-9158
11410;8499684-5464|8499684-5464
11412;8499983-0541
11414;8499926-6755
11415;8499818-3754
11418;8499659-4860
11423;8499820-2812
11425;8498153-8624
11427;8499981-9800|8499981-9800
11428;8898142-9407
11431;8498115-6571
11436;8499215-2380
11438;8499943-0017
11440;8499697-1803
11446;8499954-6958|8498139-4247
11449;8498203-0562
11450;8499817-7260
11452;8499946-5250
11454;8498751-9096|8498751-9096
11458;8499846-0036
11459;8498708-0723
11461;8499819-6643
11463;8499985-6954
11464;849947-6216|849989-2357
11465;8498134-6799
11467;8499610-2795
11472;8499615-3181
11473;8499163-5201
11479;8498164-2339|8498164-2339
11484;9898189-8877
11495;8499914-1505
11496;8498836-7750|8498836-7750
11498;8499843-6282
11500;8499471-5970
11501;1198327-4675|1198327-4675
11502;8499994-7247
11503;8499914-1505
11504;8499850-9757
11506;8498177-6813
11508;8499902-6654
11524;8499668-9697
11525;8499932-1033
11527;8498168-8464
11530;8499869-0679
11531;8499960-8691
11533;8499632-6852
11534;8499917-6845
11535;8499623-3641
11538;8499919-3456
11540;8499657-7751
11548;8498150-1304
11552;8499994-3183
11553;8499966-5699
11554;8499196-2450
11555;8499692-3712
11556;8498127-7655
11558;8499659-3029
11559;8499121-4235
11566;849090-8585
11572;8499655-7100
11574;8499850-8840
11578;8499815-9835
11579;8499833-8840
11580;8499977-1018
11581;8498131-2111
11582;8498124-4399
11585;8498101-2886
11588;8498119-7341
11589;8498173-7370
11591;8499947-5072
11592;8498108-0147
11593;8499608-3752
11594;8499952-9498
11595;849090-8585
11600;8498186-4521
11601;8499659-1445
11603;8499169-3980
11609;8499814-8006
11610;8499607-6243
11613;8499924-1405
11619;8499600-0555
11621;8499999-9991
11623;8498148-0953
11624;8499647-1830
11627;8498116-8196
11632;8498109-2082
11634;8498176-6037
11636;8499808-7540
11640;1198360-1431
11644;8498139-6690
11648;8499691-0607
11650;8599157-3361
11651;8498114-5712
11657;849898-0000
11658;8499907-3924
11659;1195169-9740
11660;8499896-7517
11661;8499979-4213
11662;8499934-1452|8499664-0959
11671;8499812-6007
11672;8499919-9555
11673;8499989-1180
11675;8499983-8566
11676;8499625-1657
11677;8499673-7785
11678;8499929-2886
11679;8499845-9237
11681;8499991-6313
11682;8499612-2715
11687;8498105-2195
11688;8599901-7620
11689;8499425-9957
11690;8499626-0818
11691;8498131-0568
11692;8499927-1173
11693;8499664-8712
11696;8499921-5730
11701;8499859-2616
11702;8499201-9978
11705;8498151-9495
11706;8499670-3823
11730;4390000-0000
11731;8499662-8037
11737;8498191-0410
11738;8499675-6858
11742;8498192-0742
11744;8498127-4164
11745;8499818-0985
11746;8499627-2316
11747;8499999-9911
11748;8499921-5509
11749;8499662-2099
11750;8498162-1658
11751;8398177-5844|8398140-1213
11752;8499987-3402
11756;8499194-7569
11761;8498862-0961
11764;8499865-9253
11776;8499638-2171
11777;8499636-5197
11778;8499831-2829
11781;8499933-0358
11782;8499694-8932
11784;8498137-0017
11785;8499949-6475
11791;8498862-0961
11793;8499687-3626
11795;8498157-2902
11802;8499985-9543
11803;6198317-9471
11804;8499981-4378
11805;8499620-6022
11806;8499898-9898
11809;8499631-1408|1195495-0749
11814;8499810-8736
11815;8499613-1751
11819;8499870-5900
11821;8499973-1838
11824;4390000-0000
11825;8499693-9899
11826;8499957-7155
11829;8499858-5948
11835;8499940-2144
11841;8499919-4081
11851;8499980-4329
11855;8499856-4297
11856;8499820-1708
11858;8499930-7652
11867;8499700-9984
11874;8498190-8998
11878;1198191-9175
11881;8499980-1412
11884;8499997-3191
11885;8499999-0303
11886;8498111-1705
11887;7999139-5261
11888;8499631-9909
11892;8599748-7807
11893;4390000-0000
11903;8499843-2604
11906;8499960-2639
11908;8499806-6193
11909;8499909-1627
11912;8499662-4295
11913;8499624-9554
11919;8499961-3722
11927;8499906-3951
11929;8499801-8790
11932;8499864-9218
11933;8498170-5609
11938;8499920-9018
11940;8499930-5161
11941;8499132-6172
11942;8499812-7521
11952;8498128-0531
11958;8499887-2694
11959;8499819-7692
11961;8499679-6600
11962;8499705-5791
11968;8499604-4583
11970;8499657-4264
11975;8499907-7565
11982;8498647-2322
11984;8498185-1047
11987;1899656-3422
11992;8499672-7259
11993;8499981-9800
11996;8499656-8115
11998;8499470-8901
12000;8499404-2896
12001;1195960-9468
12002;8498176-6537
12003;8499666-6714
12004;8499865-1843
12005;8498121-6008
12012;8499992-4683
12022;8498113-2076
12026;8499629-2217
12029;8499908-6681
12047;8499910-7836
12061;8499800-5937
12067;8498187-6821
12068;8499707-3936
12072;8499899-2849
12075;8499950-7456
12079;8499604-2245
12081;8498115-3441
12083;8499963-5808
12086;8499201-4890
12088;8499914-0447
12091;8499403-2818
12101;8499992-9014
12102;8499892-4027
12117;8499679-6335
12120;8498127-6342
12122;8492144-2900
12125;8499819-8229
12126;8499849-1652
12128;8499650-2751
12133;8498852-9017
12136;8499974-7344
12140;8499656-1838
12150;8499695-5048
12152;8499630-4986
12155;8499930-1809
12156;8498752-6267
12159;8499818-3754
12161;8499901-3577
12164;8499624-4929
12165;8499912-1973
12166;8499646-6497
12167;8499841-3729
12169;8499230-5705
12171;8499629-4807
12174;8499109-9435
12180;8499803-4285
12188;8499877-4247
12190;8499929-6926
12191;8498154-2915
12193;8499688-8015
12194;8399185-0900
12197;8499614-9123
12207;8499643-2646
12209;8499937-8083
12218;8499656-8855
12219;8499813-5625
12220;8499125-5952
12221;8499657-4960
12222;8499929-7495
12225;8499808-6526
12227;8498875-5903
12228;8499631-5959
12229;8499921-0216
12234;8498160-4168
12235;8499626-9689
12236;8499907-9720
12238;8499666-6080
12242;8499614-8725
12244;8499939-4965
12248;8498883-4451
12250;8499928-5789
12253;8499640-2797
12255;8499700-1132
12256;8498163-5642
12257;8498178-7612
12263;8499600-0555
12268;8499808-6464
12276;8499854-3511
12282;8499960-4935
12288;8498738-9276
12289;8499837-8464
12297;8499665-6081
12300;8499642-4713
12305;8499692-0075
12307;8499858-8226
12308;8499954-7708
12312;8499647-1830
12314;8499856-7320
12318;8499944-3285
12324;6198173-8672
12325;8499610-6902
12331;8499852-2407
12332;8499652-4657
12335;8499674-5947
12336;8499667-1776
12337;8499907-6507
12338;8499913-4547
12339;8499916-3505
12340;8499413-4906
12341;8499845-4449
12344;8499915-2821
12347;8498186-8582
12348;8498123-0922
12349;8499944-1244
12350;1198411-2556
12351;8499657-1538
12353;8499654-2583
12355;1197036-5423
12358;8499131-3495
12362;8499906-1797
12363;8499813-4120
12365;8499970-1035
12367;8499657-4442
12370;8498152-4445
12371;8498193-2021
12372;8499661-5101
12373;8498674-0408
12374;8499710-0028
12375;8499602-4724
12376;8499969-4371
12377;8499634-6766
12379;8499685-2803|8498167-4158
12381;8499868-3426
12383;8498790-7758
12389;8499899-1807
12390;8499620-2017
12393;8499659-5485
12402;8499676-5284
12403;8499994-0808
12404;8498116-9143
12406;8499623-2851
12407;8499686-5577
12412;8499819-4877
12415;8493300-2157
12420;8499636-0336
12421;8499686-6285
12425;8499971-8857
12428;8499173-1736
12430;8499844-3669
12432;8499905-9794
12433;8498819-5896
12434;8499684-5865
12436;8492001-9850
12439;8499621-7267
12446;8499932-1568
12448;8499657-6995
12450;8499811-6888
12451;8498621-3427
12453;8499603-7157
12458;8499952-1603
12459;1195974-1116
12461;8492147-5569
12464;8499960-4261
12468;8498831-4860
12471;8499903-0376
12473;8492147-6627
12477;8499901-5908
12480;8498103-6838
12483;8499102-7654
12485;8499819-8229
12488;8499634-2065
12489;8499664-2764
12490;8498141-4700
12493;8499856-3812
12495;1198522-9207
12498;8499963-5766
12500;8498611-1488
12503;8499641-0509
12509;8499641-9658
12510;8499817-7021
12511;8499927-3655
12512;8499667-6139
12513;8499112-1227
12517;8498827-3617
12519;8499624-4929
12520;8499687-2818
12521;8498845-2731
12526;8499915-4305
12530;8498188-1646
12531;8499818-3505
12534;8492001-3288
12537;8499118-1838
12538;8499935-9161
12542;8492155-8456
12554;8499675-9613|8499659-9848
12555;8499629-2195
12556;8499867-0427
12558;8499671-7315
12560;8499609-8145
12561;8499688-5046
12567;1191463-9377
12569;8499673-2162
12577;8499634-8048
12578;8499702-0600
12582;8498119-4576
12586;8499957-0382
12587;8498145-9041
12590;8492145-3205
12591;8499666-7307
12594;8898829-5479
12595;8499648-3402
12596;8499924-6553
12597;8499671-8914
12598;8499944-6040
12603;8499914-8676
12604;8499969-7590
12608;848499-9049
12617;848499-9915
12618;848499-9692
12621;8499405-6740
12622;8499995-4648
12623;8498140-2800
12625;8492001-3606
12627;1196828-8756
12629;8499808-9919
12630;8499668-5020
12632;8499944-3652
12633;8499634-4517
12641;8499967-1246
12642;8499939-2513
12644;8499979-3093
12647;8499937-4616
12650;8499423-8348
12651;8499917-7819
12654;8499612-4894
12655;8498172-1568
12657;8498182-4272
12658;8499819-6702
12660;8498989-8989
12661;8499643-5194
12662;8499850-6413
12666;8499635-6432
12667;8499844-6763
12671;8499608-1565|8499170-6273
12674;8399121-6566
12676;849950-6884
12678;8499666-9843
12681;8499945-0732
12683;8499979-4916
12687;8498156-3530
12688;8498851-3390
12689;8499802-7317
12692;8492144-9416
12694;8499827-4888
12695;8499624-9554
12700;8499931-4114
12701;8498172-6657
12705;8499925-6460
12708;8499659-8682
12711;8499961-2896
12712;8498851-1135
12713;8498851-1135
12714;8499864-5929
12715;8499649-0871
12717;8898824-6500
12719;8499932-3350
12721;3199226-1675
12723;8499926-7221
12724;8498128-7521
12726;8499619-6193
12732;8499842-0356
12733;8499853-3157
12735;8499877-2227
12736;8499900-5688
12741;8499630-3375
12742;8499622-7729
12744;8498108-8451
12746;8498140-4430
12748;8499624-3020
12752;8498776-4735
12754;8499848-0600
12760;8498157-7110
12761;8498119-7427
12764;8499876-1351
12765;8499996-5901
12766;8498154-1270
12769;8492177-6017
12771;8499926-6755
12778;8492161-4711
12783;8498136-2277
12794;8499925-4532
12799;8499969-9325
12802;8499976-2666
12803;8499851-5340
12804;8499636-8874
12805;8498637-3669
12809;8492156-7915
12810;8498138-1872
12811;8499676-2363
12814;8492148-5133
12815;8499971-7599
12818;8499498-2030
12819;8498140-6536
12822;8492003-9561
12830;8499946-5761
12836;8498145-5603
12838;8499991-3775
12839;8498118-9363
12841;8499981-9800
12842;8498130-4252
12844;8499600-9997
12845;8499110-6390
12848;8498761-3935
12849;8499674-7314
12850;8499846-0043
12852;8499842-1658
12853;8499653-6850
12854;8499915-9295
12855;8498698-8393
12860;8499961-6839
12862;8492180-8297
12863;8498108-7861
12864;8499927-1800
12865;8499633-5830
12866;8499147-3739
12867;8492146-4494
12868;8499818-0278
12869;8492145-0405
12871;8499915-0830
12874;8499849-7891
12875;8499974-7500
12877;1199916-6957
12879;8499831-2583
12880;8499959-8271
12881;8499804-7219
12882;8499910-7343
12883;8499999-1144
12884;843351-2131
12885;849845-4449
12886;849634-4103
12887;8499692-5068
12888;8499829-9535
12890;8498155-9667
12891;8499685-0034
12892;5199902-4185
12893;8499814-6657
12895;8399638-7161
12896;8499989-4865
12897;8499664-5553
12898;8499686-6447
60001;8492001-1985
60003;8499603-2631
60005;8499194-1528
60009;8499649-3609
60010;8499952-0250
60011;8499929-6333
60012;8499103-2288
60013;8493300-0613
60014;8499941-3401
60015;8499866-7548
60016;8499820-8680
60020;8499617-0386
60021;8499997-2607
60022;8499191-8181|849992-9292
60023;8499929-4773
60026;8499988-6317
60027;8499909-7387
60030;8499915-9976
60037;8499816-1700
60039;8499894-6512
60043;8499170-2070
60047;8499917-4647
60056;8399654-6921
60058;8499963-8880
60061;8499428-6391
60066;8499850-6499
60067;8499173-6808
60069;8499463-8918
60071;8499815-6611
60072;8499478-5367
60073;8499656-2508
60075;8499420-0706
60077;8499998-3198
60081;8498143-2390
60082;8499912-4887
60088;8499685-2516
60089;8499989-5070
60091;8499709-7243
60094;1198084-4194
60102;8499948-6268
60107;8499636-6335
60108;8498850-5728
60109;8499946-5106
60110;8499620-6741
60111;8499913-6043
60112;8499702-3605
60114;8498708-9158
60115;8499680-5557
60120;8499858-4109
60122;8499803-7591
60128;8499993-3817
60129;8499710-0506
60134;8498142-7886
60138;8498105-3738
60142;8498192-0650
60145;8498713-3933
60147;8499894-4655
60150;8498771-2814
60152;8499822-4223
60157;8499693-0022
60159;8499169-3535
60160;8499619-6008
60161;8499673-7958
60163;8499968-3007
60164;8498782-7774
60166;8499445-0455
60168;8499497-5537
60170;8499454-5780
60171;8499813-7373
60173;8499961-0581
60174;8499918-8038
60176;8499652-2005
60177;8499699-8772
60178;8499828-5417
60179;8499622-9655
60185;8499639-2593
60191;8499629-5226
60192;8499626-4456
60196;8499998-8179
60198;8499668-0617
60203;8499700-8628
60209;8499620-3507
60215;8493300-8886
60217;8499704-0864
60222;8499667-3580
60226;8499421-6900
60227;8499607-8505
60228;8499107-9873
60231;8499225-4094
60237;8499220-1408
60241;8499867-7177
60243;8498144-8017
60244;8499689-4957
60247;8499856-1748
60251;8499947-3737
60252;8499649-3277
60256;8499942-7515
60259;8499670-4311
60260;8498720-0226
60263;8498722-8362
60265;8499634-7627
60267;8499144-9921
60270;8499452-7292
60271;8499810-5186
60272;8499634-2355
60279;8499964-6556
60280;8498844-2081
60293;193313-6039
60294;8499870-3601
60297;8499407-4466
60298;8499478-1583
60299;8499637-1491
60300;8499635-0443
60302;8499904-9697
60303;8499637-2580
60306;8498177-6919
60309;8499903-3473
60310;8499700-3901
60312;8499415-3766
60319;8499605-3489
60322;8499464-8085
60324;8498866-3126
60326;8499624-7259
60331;8498175-6561
60333;8499651-6661
60334;8499820-1523
60335;8499874-2086
60340;8498152-8738
60347;8499850-5287
60352;8499899-2814|8499931-9355
60353;8499693-1896
60355;8499937-9935
60356;8499676-7989
60358;8499160-5618
60360;8499904-0954
60361;8498747-7856
60362;8499620-0250
60364;8599748-8803
60365;8398118-3830
60367;8499684-4051
60372;8498824-7322
60373;8499957-7230
60375;8499982-8251
60376;8499607-2610
60377;8499988-0149
60380;8498186-5570
60381;8499628-0704
60385;8499652-1972
60386;8499603-0221
60388;8499934-4474
60395;8499979-9962
60401;8499121-1612
60403;8499421-3396
60404;8499968-5122
60407;8489817-2070
60408;8499944-6398
60411;8499649-1256
60412;8498106-9951
60416;8499894-5946
60417;8499610-8105
60419;8499991-8476
60420;8499214-1004
60427;8499221-7308
60430;8498753-9224
60431;8499944-0319
60437;8499992-7930
60450;1198084-4194
60452;8499644-7748
60458;8499609-4908
60459;8499924-7426
60460;8498200-6971
60467;8499641-8782
60469;8499612-9738
60471;8499631-0674
60472;8499629-5408
60474;8499921-2732
60475;8499630-2120
60479;8499944-5303
60481;8499971-3680
60482;8498820-0948
60483;8499498-1722
60490;8499150-9941
60493;8499941-6798
60495;8499892-0481
60498;8499902-2381
60500;8499645-3141
60504;8499913-6588
60505;8498757-7259
60506;8499995-9543
60511;8499600-4140
60516;8499674-7671
60517;8498121-3680
60518;8499646-7988
60525;8498748-8511
60536;8499909-9532
60538;8498728-0913
60541;8498782-8581
60542;8498766-9082
60543;8498766-1472
60551;8499645-1361|8499974-4447
60557;8499855-0380
60564;8499913-4761
60568;8498629-6424
60570;8499865-3247
60572;8499617-5222
60573;8499931-5493
60574;8499631-2684
60575;8499637-0496
60576;8499945-0949
60584;8498164-0552
60588;8499644-2187
60591;8499919-5252
60594;8498864-6944
60603;8499608-6587
60604;8499938-5900
60611;8499859-0840
60614;8499936-1497
60616;8499932-6551
60619;8499709-3999
60624;8499624-9915
60625;8499639-2533
60627;8499853-1888
60630;8499828-9696
60631;8499993-9548
60632;8499962-4958
60633;8499942-9942
60634;8499698-8962
60639;8499226-0576
60642;1197708-8653
60643;8499896-3524
60644;8499854-9804
60648;8498714-1252
60650;8499997-8011
60652;8499185-9806
60653;8499462-3017
60657;8498842-1975
60658;8499973-7964
60663;8499657-6415
60665;8499682-8319
60667;8498712-8025
60668;8498666-8245
60671;8498884-8882
60675;8499927-1916
60676;8499926-7193
60678;8499965-5546
60679;8498245-4777
60680;8499662-0001
60682;8498633-7189
60697;8499457-3475
60702;8499830-3480
60703;8498610-3905
60705;8499921-0138
60711;8499813-1679
60712;8499980-9689
60713;8499480-8511
60716;8499896-6081
60721;8499632-0646
60722;8499489-9992
60724;8499677-2091
60725;8498859-9022
60727;8499630-9949
60728;8499608-9484
60729;8499932-6486
60730;8499629-5408
60733;8499955-8597
60734;8499946-4983
60735;8499956-5418
60736;8498145-2991
60739;8499974-6087
60740;8498864-5945
60742;8399913-6177
60746;8498131-3260
60747;8399913-0605
60748;8499935-7067
60751;8498139-6760|8498191-8638
60752;8499867-2112
60753;8499910-1906
60754;8499896-9964
60758;8499679-9147
60759;8499941-6407
60760;8498774-6498
60764;8499133-2105
60768;8499664-9349
60769;8499994-2217
60770;8499979-0064
60772;8499932-7817
60773;8499601-0234
60775;8499829-2073
60780;8499960-3677
60784;8499605-2721
60786;8499700-4950
60787;8499627-7336
60790;8499636-2154
60792;8499635-1411
60793;8499902-7955
60794;8499135-7755
60797;8499413-4536
60798;8499866-5921
60799;8499655-7306
60803;8499180-9715
60806;8499956-0814
60807;8499665-4878
60809;8499864-1171
60812;8499652-1932
60815;8498873-0838
60816;8498796-1645
60821;8499809-2963
60825;8499918-4161
60830;8499829-3361
60831;8499902-0799
60832;8499643-3939
60833;8499971-3751
60834;8499196-5461
60835;8499672-6088
60836;8499168-2635
60839;8499665-9642
60844;8498139-2473
60845;8399371-1020
60847;8499939-0071
60851;8398213-9640
60854;8499634-7347
60859;8498749-5612
60862;8499822-4086
60865;8499854-1368
60866;8499441-9874
60868;8499414-0723
60869;8499937-0404
60870;8499688-2884
60872;8499628-9791
60873;8499970-2050
60878;8499191-4710
60879;8499900-0402
60880;4799691-0420
60882;8499998-2733
60886;8499967-6188
60887;8499690-5202
60888;8498838-7970
60891;8498725-1473
60893;8499918-8599
60895;8498719-5138
60896;8498767-1507
60898;8498859-1564
60899;8499822-6864
60900;8498103-9666
60901;8499916-0842
60904;8499926-2451
60906;8498605-9736
60909;8499641-2591
60912;2197400-8737
60913;8498788-5457
60915;8499830-6393
60916;8498703-3477
60917;8498620-1473
60919;8498712-3178
60921;8499151-4347
60924;8499974-3748
60925;8498187-1275
60927;8499634-3904
60928;8498113-1059
60931;8399602-4101
60935;8399407-7141
60938;8498714-1432
60941;8499812-2208
60945;8499943-8450
60947;8498155-0542
60950;8499976-8666
60953;8499931-3608
60955;8499664-6706
60957;8498728-5457
60958;8498774-8021
60959;8499604-6175
60960;8499946-4882
60965;8499821-4500
60968;8498818-5303
60969;8499948-6264
60972;8499643-0227
60974;8499858-9676
60975;8499927-5732
60976;8498816-5662
60977;8499672-1013
60978;8499122-8545
60979;8499426-6333
60981;8498145-9415
60982;8499925-0988
60983;8499927-5406
60984;8499924-0159
60985;8499973-2486
60987;8499940-6669
60988;8499990-2417
60989;8499962-5232
60990;8498639-3029
60993;8498874-5580
60994;8499896-3896
60997;8498603-3340
60999;8499903-0227
61000;8499942-8678
61002;8498826-8200
61004;8499981-2566
61007;8498851-3436
61008;8443295-2481
61012;8499688-8689
61017;8499684-5200
61019;8499655-4880
61020;8493291-2016
61021;8499700-5043
61023;8499914-4942
61024;8498989-8989
61025;8484988-6726
61026;8499921-4729
61028;4199696-3184
61029;8498709-6061
61031;8499483-1647
61032;8443291-2016
61034;8499701-0743
61038;8499803-0602
61044;8449971-5198
61045;8498725-1436
61047;8499971-4778
61052;8499653-1264
61053;8498174-2714
61059;8499950-9293
61060;8498630-0953
61061;8499864-7322
61062;8499407-2992
61064;8498105-4722
61066;8499472-4150
61070;8498700-9926
61072;8499916-5004
61077;8499636-5446
61078;8499983-6184
61079;8499199-0230
61080;8499634-1516
61082;8499644-8505
61084;8499965-7271
61085;8499985-3435
61086;8498603-6973
61088;8499926-6002
61091;8498857-8051
61092;8498864-8654
61093;8499956-0814
61094;849721-7985
61095;8498884-5383|8498884-0493|8498627-1612
61096;8498787-9088
61097;8498828-0688
61098;8499993-6186
61101;8499832-9474
61112;8399913-0605
61113;8499913-6177
61115;8498731-9481
61116;8499904-9937
61118;8499966-3256
61119;8498730-1011
61123;8499843-6285
61124;8499898-9898
61133;8498872-8085
61136;8499898-9898
61138;1399812-6344
61140;8499638-7146
61142;8498175-8919
61143;8498886-0168
61146;8498826-3842
61147;8448847-3885
61149;8498719-4858
61150;8498638-1457
61152;8498749-5612|8498859-5307
61156;8498637-2666
61160;8498718-2429
61161;8499828-2361
61162;8499602-4366
61164;8499640-1559
61165;8499605-2892
61166;8499943-6502
61167;8498718-8005|8499636-5158
61168;8499817-8564
61171;8499939-2953
61172;8498777-0765
61173;8499887-1578
61177;8449625-2666
61178;8498605-7782
61179;8498636-0827
61180;8498733-6858
61184;8499828-4009|8499992-9454
61186;8499932-3586
61188;8499616-8482|8499961-6848
61189;8498723-6841
61197;8499654-5220
61199;8498869-1899
61201;8499998-9484
61203;8499812-3821
61209;8498899-9133
61211;8499199-0230
61212;8499929-4395
61213;8487885-5668
61214;8498873-5009
61215;8455845-4076
61217;8498877-3826
61219;8499663-5481|8499898-9898
61220;8498850-9586
61221;8487085-6678
61222;8498602-4203
61223;8499925-3203
61224;8498168-8156
61225;8499958-6342
61226;8499952-7328
61227;8498899-7396
61230;8498861-0658
61231;8498742-6023
61238;8498784-2695
61239;8499909-2347
61240;8498728-5769
61244;8498625-2445
61247;2199811-0256
61251;8494484-4944
61252;8498845-3963
61254;8498765-5616
61265;8449999-9999
61269;8498838-9745
61272;8498703-9898
61273;8499946-7336
61276;8498851-5517
61278;8499928-3165
61279;8499863-1439
61286;8499871-0880
61295;8498838-3874
61303;8499620-6333
61307;8498862-7255
61309;8499969-0418
61310;8498775-9164
61317;849837-0887
61320;8498633-2745
61323;8498850-7280
61325;8499151-4347
61327;8499657-6415
61329;8499625-5397
61331;8498804-0559
61332;8499990-5690
61333;8499927-4988
61335;8498793-8967
61336;843281-3018
61338;8499920-1108
61341;8499952-3084|8499820-1332
61342;8499865-0584
61346;8498807-4271
61349;8499609-6401
61350;7499822-2467
61354;8499704-7639
61357;8499831-5366
61358;8499977-8562
61359;8499941-4622
61361;8499125-9797
61362;8498627-1700
61364;8499897-9527
61365;8398167-0420
61366;8499887-9401
61369;8499970-9678
61370;8499990-8684
61371;8498765-2159
61376;8499938-9374
61377;8498143-2351
61381;8498123-0681
61382;8499987-7786
61386;8499205-4838
61389;8499816-7892
61392;8498866-4008
61393;8499931-1038
61395;8499851-3010
61396;8499939-9199
61397;8499206-6363
61400;8499143-6540
61401;8498868-9123
61403;8898122-2075
61408;8499986-6015
61415;8499627-8169
61417;8498149-8166
61419;8499615-4558
61423;8499946-0335
61424;8499430-6513
61426;8499691-1151
61427;8499655-4880
61430;8499985-6047
61434;8499650-5956
61437;8499952-6490
61439;8499638-0975
61440;8498782-6480
61441;8499922-3204
61443;8499630-7777
61445;8499185-8235
61446;8499609-7551
61448;8499917-1448
61450;8498867-5686
61452;8492147-5216
61455;8498194-3290
61456;8499651-3061
61457;8499697-1952
61458;8499918-8589
61459;8499941-5077
61460;8499616-9506
61461;8499617-0532
61462;8499601-1905
61463;8499928-8477
61468;6598118-7269
61471;8499909-7111
61472;8499183-6003
61475;8499965-5663
61476;8499857-0235
61480;8498741-8275
61481;8498762-5960
61485;8499929-6073
61487;8499655-0301
61488;8499980-8602
61491;8499480-8511
61492;8499674-9520
61494;6198241-9596
61495;8499986-3726
61496;8499914-6665
61497;8399864-0314
61498;8499958-8118
61499;8498104-0563
61502;8499668-7419
61503;8499963-8854
61504;8499618-9163
61506;8499965-6637
61508;8499948-6953
61509;8499613-2902
61510;8499185-3860
61511;8499618-2897
61513;8499973-6161
61515;8498498-8555
61517;8498499-9333
61518;8498499-9837
61520;8498498-7288
61530;8499188-8392
61532;8499867-2530
61534;8499612-1704
61539;8499607-1655
61540;8499952-2227
61541;8498885-9200
61544;8498139-5317
61545;8498684-0339
61546;8499635-6448
61551;8498855-2206
61552;8499198-0990
61554;8499915-1519
61555;8498729-2497
61556;8498874-3826
61558;8498191-3485
61561;8498112-4161
61562;8498619-6375
61565;8499669-3038
61567;8498871-8207
61568;8498638-8668
61570;8498634-7417
61573;8499626-0084
61574;8499632-8633
61575;8499497-8212
61577;8499614-7850
61578;8499178-7796
61581;8499949-9444
61584;8499642-4395
61585;8498643-0533
61586;8499845-5029
61587;8499629-9346
61588;8498119-5917
61590;8499947-9917
61592;8499210-0850
61593;8498873-5789
61595;8499982-1643
61600;8499945-8726
61604;8499927-8913
61605;8498671-1644
61606;8499967-9007
61608;8498627-2550
61611;8499107-9873
61615;8499616-8503
61616;8498815-9910
61619;8499932-7815
61620;8499127-9533
61622;8499978-3737
61623;8898109-8776
61627;8499668-0494
61628;8499621-8965
61629;8498765-5353
61630;8499623-0645
61634;8499894-0075
61635;8499636-3536
61636;8499968-6250
61638;8499663-3786
61639;8499205-2221
61640;8498850-6463
61641;8499933-3493
61644;8499803-9005
61647;8498741-8285
61649;8499666-6961
61650;8499800-8241
61651;8499902-9576
61652;9599136-6097
61653;8499973-3587
61656;8499683-3233
61658;8498729-5388
61661;8499667-4835
61665;8498747-2006
61668;8499930-3578
61669;8499670-4311
61672;8499800-0104
61673;8499908-7088
61675;8499698-0794
61679;8499400-8565
61680;8498688-0122
61683;8498114-7416
61686;8499632-7153
61688;8498728-5457
61692;8498709-7917
61693;8499902-5919
61699;8499429-6048
61701;8499622-3769
61702;8499705-2292
61704;8498848-0748
61706;8499936-1497
61711;8493204-6500
61716;8498758-4806
61718;8499428-3148
61719;8499821-3270
61720;8499955-9423
61721;8499946-6506
61722;8499899-7282
61730;8499854-8688
61731;8498819-6730
61733;8499666-0251
61734;8499906-0204
61735;8499999-9867
61736;8499709-6806
61737;8498159-6882
61740;8499960-6385
61741;8499944-3532
61742;8498615-8490
61743;6199254-4636
61764;8499607-7780
61766;8499699-5092
61767;8499966-8869
61768;8499169-3535
61769;8892179-1177
61772;8499897-1505
61776;8498788-2142
61778;8498119-1214
61779;8499994-4484
61781;8492000-7066
61782;6199962-0762
61783;8499988-9622
61784;8499808-4138
61785;8499675-2624
61787;8499616-0697
61788;8499948-7009
61789;8499825-6457
61790;8499473-3011
61794;8499944-2212
61797;8499660-0534
61798;8499983-8979
61799;8498876-5793
61800;8498861-6277
61803;8492001-2760
61806;8498871-0928
61807;8499961-0581
61808;8498793-9119
61809;8499838-2130
61810;8499204-2853
61811;8498850-7266
61812;8499667-6748
61813;8499670-6112
61814;8499698-8962
61815;8499471-3838
61816;8499853-0101
61817;8498717-4969
61819;8499818-8670
61820;8499960-6385
61822;8499704-0524
61823;8399984-1607
61824;8499634-4873
61825;8499951-3167
61826;8498160-9843
61827;8498146-7468
61828;8499953-0857
61832;8499680-3183
61834;8499708-0425
61835;8498824-3055
61837;8498852-7311
61838;8499145-7070
61840;8499666-3110
61841;8498644-8139
61842;3599191-9707|2198408-4908
61843;8499454-5780
61844;8499219-2602
61846;8499706-4358
61847;8499108-7058
61849;8498845-3928
61850;8499988-3565
61851;8499952-3084
61852;8498671-1644
61853;8499638-1600
61854;8499658-8338
61855;8499960-3677
61856;8499970-0536
61857;8498736-7337
61858;8499406-2218
61859;8499632-1733
61860;8499893-0526
61861;8499641-4271
61864;8499662-3555
61865;8499653-8220
61866;8498682-9955
61867;8498161-1905
61868;6198352-9507
61869;8498695-0202
61870;8498157-0605
61871;8499658-7408
61872;8499806-3611
61873;8499919-8776
61874;8499930-3681
61875;8498884-8882
61876;843204-6500
61877;849934-9315
61878;849665-9564
61879;849926-3739
61880;849933-6116
61881;849931-9558
61882;843472-3122
61883;849918-1810
61884;849609-7551
61885;843417-3128
61886;8498897-3634
61887;849204-2853
61888;848882-9434
61889;8498185-5263
61890;
61891;8498628-7641
61892;8498827-1033
61893;8499960-3677
61894;8499145-8803
61895;8499707-5437
61896;8499205-2221
61897;8499677-9322
61898;8499892-0481
61899;8499472-0387
61900;8499676-1006
61901;8498190-4963
61902;8498887-8804
61903;8499407-8785
61904;8493431-0000
61905;8499647-6987
61906;8498136-0344
61907;8498769-6742
61908;8499982-6294
61909;8499924-7186
61910;6999966-1961
61911;8499411-8996
61912;8499453-9292
61913;8498635-5693
61914;8498136-0344
61915;8498728-8241
