Código;Nome
347;SUKITA PET 1L CAIXA C/12
503;SUKITA PET 2L CAIXA C/6
504;PEPSI COLA PET 2L CAIXA C/6
828;CHOPP BRAHMA CLARO BARRIL KEG 30L
838;CHOPP BRAHMA CLARO BARRIL KEG 50L
982;SKOL 600ML
988;BRAHMA CHOPP 600ML
1164;SUKITA UVA LATA 350ML SH C/12 NPAL
1166;SUKITA UVA PET 2L CAIXA C/6
1388;SKOL GFA VD 1L 2,99
1695;BRAHMA CHOPP GFA VD 1L COM TTC
1699;STELLA ARTOIS LT 269ML CX C/8 FRIDGE PACK
1745;SKOL LT 269ML SH C15 NPAL
2008;ANTARCTICA SUBZERO LATA 350ML SH C/12 NPAL
2319;GUARANA CHP ANTARCTICA PET 1L CAIXA C/12
2320;SODA LIMONADA ANTARCTICA PET 1L CAIXA C/12
2349;GUARANA CHP ANTARCTICA PET 2L CAIXA C/6
2350;SODA LIMONADA ANTARCTICA PET 2L CAIXA C/6
2353;GUARANA CHP ANTARCTICA DIET PET 2L CAIXA C/6
2538;ANTARCTICA PILSEN 600ML
2546;ORIGINAL 600ML
2548;BUDWEISER 600ML
4262;MICHELOB ULTRA N LT SLEEK 350ML C 8 CX CARTAO
4293;PEPSI BLACK PET 200ML SH C/12
4409;PEPSI TWIST PET 2L SHRINK C/6
7325;PEPSI COLA PET 1L CAIXA C/12
7945;PEPSI COLA PET 2,5L CAIXA C/6
7947;GUARANA CHP ANTARCTICA PET 2,5L CAIXA C/6
7977;GATORADE UVA PET 500ML SIXPACK
7980;GATORADE TANGERINA PET 500ML SIXPACK
7981;GATORADE LARANJA PET 500ML SIXPACK
7982;GATORADE LIMAO PET 500ML SIXPACK
7983;GATORADE MORANGO-MARACUJA PET 500ML SIXPACK
8411;GUARANA CHP ANTARCTICA PET 1,5 SHRINK C/6
8791;H2OH LIMAO C/GAS PET 500ML CAIXA C/12
9067;ANTARCTICA PILSEN LATA 350ML SH C/12 NPAL
9068;SKOL LATA 350ML SH C/12 NPAL
9069;BRAHMA CHOPP LATA 350ML SH C/12 NPAL
9072;BOHEMIA NOVA EMBALAGEM LATA 350ML SH C/12 NPAL
9084;GUARANA CHP ANTARCTICA LATA 350ML SH C/12 NPAL
9085;GUARANA CHP ANTARCTICA DIET LATA 350ML SH C/12 NPAL
9087;SODA LIMONADA ANTARCTICA LATA 350ML SH C/12 NPAL
9089;SUKITA LATA 350ML SH C/12 NPAL
9091;TONICA ANTARCTICA LATA 350ML SH C/12 NPAL
9092;TONICA ANTARCTICA DIET LATA 350ML SH C/12 NPAL
9096;PEPSI COLA LATA 350ML SH C/12 NPAL
9142;AGUA M STER BOM S/GAS PET 510ML CAIXA C/12
9146;AGUA M STER BOM G/GAS PET 510ML CAIXA C/12
9148;AGUA M STER BOM S/GAS PET 1,5L CAIXA C/6
9274;PEPSI ZERO LATA 350ML SH C/12 NPAL
9276;PEPSI ZERO PET 2L CAIXA C/6
9795;GUARANA ANTARCTICA ZERO PET 1L CAIXA C/12
12948;BRAHMA CHOPP ZERO LATA 350ML SH C/12 NPAL
12951;BRAHMA CHOPP ZERO LN 355ML SIXPACK CX CART C/04
13061;H2OH LIMONETO PET 500ML SHRINK C/12 NPAL
13065;H2OH LIMONETO PET 1,5 SHRINK C/06 NPAL
13196;SKOL ONE WAY 300ML CX C/23
13201;BRAHMA CHOPP GFA VD 300ML CX C/23
13205;SKOL GFA VD 300ML CX C/23
13486;FUSION PET 1L SH C/06
13566;SKOL BEATS SENSES LT 269ML CX C/8 FRIDGE PACK
17808;BUDWEISER OW 330ML CX C/24
18152;GUARANA CHP ANTARCTICA PET 200ML SH C/12
18266;PEPSI COLA PET 200ML SH C/12
18267;SODA LIMONADA ANTARCTICA PET 200ML SH C/12
18268;SUKITA PET 200ML SH C/12
18780;CORONITA EXTRA N OW 210ML CX C/4 SIX PACK
18807;STELLA ARTOIS LONG NECK 330ML SIX-PACK SHRINK C/4
18836;CORONA EXTRA N LONG NECK 330ML CX C/24 NPAL
18856;SKOL LT 269ML SH C/15 MULTPACK 15
19164;GUARANA CHP ANTARCTICA PET 1L PACK C/2 MULTPACK
19229;RED BULL BR LATA 250ML SIX PACK NPAL .
19231;RED BULL SUGAR FREE BR LATA 250ML FOUR PACK NPAL .
19321;GUARANA ANTARCTICA ZERO PET 200ML SH C/12
19668;ORIGINAL LATA 350ML SH C/12 NPAL
19729;STELLA ARTOIS LT SLEEK 350ML C 8 CX CARTAO
20217;ORIGINAL GFA VD 300ML CX C/23
20498;BRAHMA DUPLO MALTE LT SLEEK 350ML SH C 12
20530;STELLA ARTOIS 600 ML
20535;STELLA ARTOIS ONE WAY 600ML CX C/12 NPAL
20549;BRAHMA DUPLO MALTE GFA VD 300ML CX C/23
20651;CORONA EXTRA N LT SLEEK 350ML C 8 CX CARTAO
21020;BUDWEISER LT SLEEK 350ML CX CART C 12
21119;SKOL BEATS GT LT 269ML CX CARTAO C/8 NPAL
21441;SUKITA LIMAO PET 2L CAIXA C/6
21526;JOHNNIE WALKER RED LABEL GARRAFA VIDRO 1 L
21527;TANQUERAY GIN LONDON DRY GARRAFA VIDRO 750ML
21529;ABSOLUT ORIGINAL GARRAFA VIDRO 1 L
21530;SMIRNOFF ORIGINAL GARRAFA VIDRO 998ML
21632;SPATEN N LN 355ML SIXPACK SH C/4
21658;SPATEN N LT SLEEK 350ML CX CART C 12
21668;SPATEN N ONE WAY 600ML CX C/12 NP ARTE
21778;JOHNNIE WALKER RED LABEL GARRAFA VIDRO 750ML
21781;SMIRNOFF ICE GARRAFA VD 275ML CX C24
21787;DREHER GARRAFA VIDRO 900ML
21788;BALLANTINES FINEST GARRAFA VIDRO 1 L
21791;PIRASSUNUNGA 51 GARRAFA VIDRO 965ML
21955;CHIVAS REGAL 12 ANOS GARRAFA VIDRO 1 L
21968;TRIDENT HORTELA ENVELOPE 8G CX C/21
21970;TRIDENT MENTA ENVELOPE 8G CX C/21
21973;TRIDENT MELANCIA ENVELOPE 8G CX C/21
21974;TRIDENT TUTTI-FRUTTI ENVELOPE 8G CX C/21
22003;HALLS CEREJA ENVELOPE 28G CX C/21
22005;HALLS MENTA ENVELOPE 28G CX C/21
22007;HALLS EXTRA FORTE ENVELOPE 28G CX C/21
22147;CAMPARI GARRAFA VIDRO 900ML
22177;BUDWEISER ZERO LT SLEEK 350ML C 8 CX CARTAO
22180;BUDWEISER ZERO LONG NECK 330ML SIX-PACK SHRINK C/4
22514;BALLANTINES FINEST GARRAFA VIDRO 750ML
23184;PITU AGUARDENTE LT 350ML CX C/12
23186;SPATEN N 600ML
23269;SKOL BEATS GT LONG NECK 269ML SIX-PACK SH C/4
23271;SKOL BEATS SENSES LONG NECK 269ML SIX-PACK SH C/4
23443;PITU AGUARDENTE GARRAFA VIDRO 965ML
24161;S. JOAO BARRA CONHAQUE ALC. GARRAFA VIDRO 900ML
24168;MICHELOB ULTRA N LONG NECK 330ML SIX-PACK SHRINK C/4
24409;QUINTA DO MORGADO VINHO TINTO SUAVE GFA VD 750 ML
25151;OLD PARR WHISKY GFA VDR 1L
25160;BLACK & WHITE WHISKY GFA VDR 1L
25178;51 ICE LIMAO GARRAFA VD 275ML CX C24
25194;CACHACA 51 LT 350ML CX C/12
25254;CARANGUEJO CACHACA PRATA GFA VD 980 ML
25256;CARANGUEJO CACHACA PRATA LT 350ML CX C/12
25257;CARANGUEJO CACHACA OURO GFA VD 980 ML
25259;CARANGUEJO CACHACA OURO LT 350ML CX C/12
25265;CACHACA GOSTOSA GFA PET 480ML CX 12
25429;MATUTA CACHACA CRISTAL GARRAFA VIDRO 1 L
25430;MATUTA CACHACA UMBURANA GARRAFA VIDRO 1 L
25434;MATUTA CACHACA MEL E LIMAO GARRAFA VIDRO 1 L
25700;FUSION PET 2L SHRINK C/6
26037;MONTILLA CARTA CRISTAL GFA VDR 1L
26204;SPATEN N LT 269ML CX CARTAO C/8 NPAL
26627;PITU AGUARDENTE GARRAFA VD 600ML
26818;PITU LIMAO LT 350ML CX C/12
26941;PITU AGUARDENTE LATA DE ALUMINIO 473ML CX12
27001;GORDONS GIN DRY GFA VD 750 ML
27177;HALLS MENTOL ENVELOPE 28G CX C/21
27179;HALLS MORANGO ENVELOPE 28G CX C/21
27825;DOMUS CONHAQUE GARRAFA VIDRO 900ML
27866;CORONA CERO SUNBREW N LONG NECK 330 ML SP BASKET CX C4
29073;SKARLOFF VODKA GFA VDR 965ML CX 6
29342;DAFRUTA REFRESCO SABOR UVA TETRA PAK 200 ML CX C/27
29580;STELLA ARTOIS PURE GOLD LONG NECK 330ML SP SH C/4
29733;HALLS MELANCIA ENVELOPE 28G CX C/21
29845;PEPSI BLACK PET 1 L SH C/12
29925;YPIOCA CACHACA PRATA SUAVE GFA DE VDRO 965ML
30045;RED BULL BR LATA 473ML CX C 12
31064;BUDWEISER LT 269ML SH C 15
31667;YPE LAVA LOUCAS LIQUIDO NEUTRO FRASCO PLASTICO 500 ML C24
32067;GATORADE BERRY BLUE PET 500ML SIXPACK
32349;BEATS TROPICAL LT 269ML CX CARTAO C/8 NPAL
32354;YPE LAVA LOUCAS LIQUIDO CLEAR FRASCO PLAST 500ML CX/6
32355;YPE LAVA LOUCAS LIQUIDO NEUTRO FRASCO PLAST 500ML CX/6
32500;STELLA ARTOIS PURE GOLD LT SLEEK 350ML C 8 CX CARTAO
33212;SKOL BEATS SENSES PET 1 L SH C/06
33633;YPIOCA AGUARDENTE LT PRATA 350ML SH C12
33734;BEATS RED MIX LT 269ML SH C/8
33738;BEATS RED MIX LONG NECK 269ML SIX-PACK SH C/2
33820;BRAHMA CHOPP LATA 350ML SH C/12 NPAL MULTIPACK .
33857;STELLA ARTOIS PURE GOLD 600ML
34027;GUARANA CHP ANTARCTICA LATA 350ML SH C/12 NPAL MULTIPACK
34137;BUDWEISER LT 269ML SH C 15 MULTPACK
34263;CORONA CERO SUNBREW N LT SLEEK 350ML C 8 CX CARTAO
34296;TRIDENT CANELA ENVELOPE 8G CX C/21
34298;TRIDENT MORANGO ENVELOPE 8G CX C/21
34320;GUARANA ANTARCTICA ZERO LATA 350ML SH C/12 NPAL MULTIPACK
34410;HALLS UVA VERDE ENVELOPE 28G CX C/21
34454;H2OH LIMONETO LT SLEEK 350ML SH C 12
34608;SKOL LATA 350ML SH C/12 NPAL MULTIPACK
35331;BUDWEISER GFA VD 1L
35617;BEATS GREEN MIX LT 269ML SH C/8
35620;BEATS GREEN MIX LONG NECK 269ML SIX-PACK SH C/4
36024;SKOL ZERO LONG NECK 330ML SIX-PACK SHRINK C/4
36028;SKOL ZERO LT SLEEK 350ML SH C 12
36275;MATUTA CACHACA MEL E LIMAO LT 350 ML SH C/12
36277;MATUTA CACHACA CAIPIRINHA LT 350 ML SH C/12
37204;VITARELLA WAFER RECHEIO BRIGADEIRO PCTE 80G
37450;BUDWEISER LT SLEEK 350ML SH C 12 MULTIPACK
38404;CORONA EXTRA N LN 330ML SIXPACK
38601;TAMPICO REFRESCO FRUTAS CITRICAS GARRAFA PLAST 250ML SH C12
38603;TAMPICO REFRESCO UVA GARRAFA PLAST 250ML SH C12
38609;TAMPICO REFRESCO UVA GARRAFA PLAST 1L SH C6
38833;TAMPICO REFRESCO FRUTAS CITRICAS GARRAFA PLAST 1L SH C6
39024;STELLA ARTOIS PURE GOLD LN 330ML SIXPACK
